N_Size,Run_ID,Fixed_Pct,Success,Duration,Iterations,Energy_Init,Energy_Final,Temp_Init,Temp_Final,Cooling_Rate,Restarts,Accepted,Rejected,Improved,Fixed_Count
4,1,20,True,0.28165555000305176,13,6,0,1.0,0.8316028840793277,0.9859154929577465,0,8,5,3,9
4,2,20,True,0.07886004447937012,84,6,0,1.0,0.3037624372992943,0.9859154929577465,0,22,62,5,7
4,3,20,True,0.08831310272216797,2,2,0,1.0,0.9720293592541163,0.9859154929577465,0,1,1,1,7
4,4,20,True,0.07892727851867676,2,4,0,1.0,0.9720293592541163,0.9859154929577465,0,2,0,1,8
4,5,20,True,0.07384729385375977,7,8,0,1.0,0.9054778668759133,0.9859154929577465,0,5,2,3,7
4,6,20,True,0.0700523853302002,3,2,0,1.0,0.9583388048984245,0.9859154929577465,0,1,2,1,8
4,7,20,True,0.06952619552612305,2,4,0,1.0,0.9720293592541163,0.9859154929577465,0,2,0,2,10
4,8,20,True,0.06133437156677246,7,2,0,1.0,0.9054778668759133,0.9859154929577465,0,3,4,1,8
4,9,20,True,0.06542682647705078,7,4,0,1.0,0.9054778668759133,0.9859154929577465,0,4,3,3,7
4,10,20,True,0.06044912338256836,26,8,0,1.0,0.6915633568090557,0.9859154929577465,0,14,12,5,6
4,11,20,True,0.06968903541564941,16,2,0,1.0,0.796957314078666,0.9859154929577465,0,9,7,3,6
4,12,20,True,0.07170653343200684,18,4,0,1.0,0.7746659073567672,0.9859154929577465,0,7,11,4,7
4,13,20,True,0.08104300498962402,49,4,0,1.0,0.4990509348431328,0.9859154929577465,0,16,33,3,7
4,14,20,True,0.07576727867126465,9,4,0,1.0,0.880151070758178,0.9859154929577465,0,2,7,2,7
4,15,20,True,0.08268356323242188,80,4,0,1.0,0.3214957999347009,0.9859154929577465,0,38,42,2,5
4,16,20,True,0.07241940498352051,46,8,0,1.0,0.5207458283983688,0.9859154929577465,0,10,36,5,6
4,17,20,True,0.08570671081542969,3,6,0,1.0,0.9583388048984245,0.9859154929577465,0,3,0,2,8
4,18,20,True,0.08314824104309082,19,8,0,1.0,0.7637551199292071,0.9859154929577465,0,7,12,5,7
4,19,20,True,0.07068181037902832,17,4,0,1.0,0.7857325631761496,0.9859154929577465,0,14,3,2,7
4,20,20,True,0.08313560485839844,4,2,0,1.0,0.9448410752519678,0.9859154929577465,0,1,3,1,9
4,21,20,True,0.07806134223937988,5,4,0,1.0,0.9315334544737711,0.9859154929577465,0,2,3,2,7
4,22,20,True,0.08163213729858398,27,10,0,1.0,0.6818230278399141,0.9859154929577465,0,4,23,4,8
4,23,20,True,0.06887221336364746,9,6,0,1.0,0.880151070758178,0.9859154929577465,0,3,6,3,8
4,24,20,True,0.07421541213989258,19,6,0,1.0,0.7637551199292071,0.9859154929577465,0,6,13,3,4
4,25,20,True,0.0774223804473877,9,4,0,1.0,0.880151070758178,0.9859154929577465,0,6,3,4,7
4,26,20,True,0.06759905815124512,1,4,0,1.0,0.9859154929577465,0.9859154929577465,0,1,0,1,8
4,27,20,True,0.08516216278076172,10,4,0,1.0,0.8677545768038375,0.9859154929577465,0,5,5,3,9
4,28,20,True,0.07909178733825684,4,6,0,1.0,0.9448410752519678,0.9859154929577465,0,3,1,2,9
4,29,20,True,0.06310915946960449,2,2,0,1.0,0.9720293592541163,0.9859154929577465,0,1,1,1,8
4,30,20,True,0.08213210105895996,13,6,0,1.0,0.8316028840793277,0.9859154929577465,0,5,8,4,8
4,31,20,True,0.06862068176269531,23,6,0,1.0,0.7216272087431077,0.9859154929577465,0,16,7,4,7
4,32,20,True,0.06901264190673828,10,6,0,1.0,0.8677545768038375,0.9859154929577465,0,5,5,3,8
4,33,20,True,0.07196497917175293,14,4,0,1.0,0.819890167402154,0.9859154929577465,0,11,3,3,8
4,34,20,True,0.06466007232666016,22,6,0,1.0,0.7319361688680093,0.9859154929577465,0,10,12,4,7
4,35,20,True,0.06554174423217773,57,2,0,1.0,0.44551507487455383,0.9859154929577465,0,19,38,2,6
4,36,20,True,0.07327413558959961,12,6,0,1.0,0.843482925280461,0.9859154929577465,0,8,4,3,7
4,37,20,True,0.06971454620361328,16,6,0,1.0,0.796957314078666,0.9859154929577465,0,5,11,4,7
4,38,20,True,0.0704340934753418,1,2,0,1.0,0.9859154929577465,0.9859154929577465,0,1,0,1,8
4,39,20,True,0.06547236442565918,25,4,0,1.0,0.7014428333348993,0.9859154929577465,0,10,15,2,8
4,40,20,True,0.06985640525817871,3,4,0,1.0,0.9583388048984245,0.9859154929577465,0,2,1,2,8
4,41,20,True,0.07733726501464844,20,4,0,1.0,0.752998005564007,0.9859154929577465,0,13,7,4,8
4,42,20,True,0.07070612907409668,61,4,0,1.0,0.42094094238543445,0.9859154929577465,0,6,55,3,7
4,43,20,True,0.08419990539550781,9,6,0,1.0,0.880151070758178,0.9859154929577465,0,3,6,3,7
4,44,20,True,0.08805012702941895,9,4,0,1.0,0.880151070758178,0.9859154929577465,0,3,6,2,8
4,45,20,True,0.07328486442565918,10,6,0,1.0,0.8677545768038375,0.9859154929577465,0,3,7,2,6
4,46,20,True,0.06764841079711914,50,6,0,1.0,0.4920220484368915,0.9859154929577465,0,11,39,6,7
4,47,20,True,0.08043599128723145,34,6,0,1.0,0.6173756608353619,0.9859154929577465,0,13,21,5,7
4,48,20,True,0.08254003524780273,22,2,0,1.0,0.7319361688680093,0.9859154929577465,0,13,9,5,7
4,49,20,True,0.07965493202209473,6,6,0,1.0,0.9184132649741406,0.9859154929577465,0,4,2,3,6
4,50,20,True,0.07906866073608398,19,6,0,1.0,0.7637551199292071,0.9859154929577465,0,12,7,5,7
4,1,40,True,0.0750741958618164,3,4,0,1.0,0.9583388048984245,0.9859154929577465,0,2,1,2,9
4,2,40,True,0.06991386413574219,9,2,0,1.0,0.880151070758178,0.9859154929577465,0,1,8,1,9
4,3,40,True,0.07226848602294922,47,2,0,1.0,0.5134113801110678,0.9859154929577465,0,29,18,1,8
4,4,40,True,0.08800220489501953,1,4,0,1.0,0.9859154929577465,0.9859154929577465,0,1,0,1,10
4,5,40,True,0.06537294387817383,2,6,0,1.0,0.9720293592541163,0.9859154929577465,0,2,0,2,11
4,6,40,True,0.07944607734680176,25,4,0,1.0,0.7014428333348993,0.9859154929577465,0,8,17,2,8
4,7,40,True,0.0681772232055664,9,2,0,1.0,0.880151070758178,0.9859154929577465,0,7,2,2,9
4,8,40,True,0.07938432693481445,2,2,0,1.0,0.9720293592541163,0.9859154929577465,0,1,1,1,9
4,9,40,True,0.07211971282958984,1,2,0,1.0,0.9859154929577465,0.9859154929577465,0,1,0,1,10
4,10,40,True,0.07421565055847168,14,10,0,1.0,0.819890167402154,0.9859154929577465,0,10,4,5,8
4,11,40,True,0.06913375854492188,4,6,0,1.0,0.9448410752519678,0.9859154929577465,0,3,1,3,8
4,12,40,True,0.06911730766296387,20,8,0,1.0,0.752998005564007,0.9859154929577465,0,7,13,4,7
4,13,40,True,0.06313657760620117,19,6,0,1.0,0.7637551199292071,0.9859154929577465,0,11,8,5,9
4,14,40,True,0.07019972801208496,1,4,0,1.0,0.9859154929577465,0.9859154929577465,0,1,0,1,10
4,15,40,True,0.0687553882598877,11,6,0,1.0,0.8555326813558961,0.9859154929577465,0,3,8,3,8
4,16,40,True,0.08007073402404785,32,2,0,1.0,0.6351409604634815,0.9859154929577465,0,18,14,1,10
4,17,40,True,0.06927299499511719,14,2,0,1.0,0.819890167402154,0.9859154929577465,0,1,13,1,9
4,18,40,True,0.0617825984954834,14,4,0,1.0,0.819890167402154,0.9859154929577465,0,9,5,5,9
4,19,40,True,0.06064271926879883,76,2,0,1.0,0.34026441944108454,0.9859154929577465,0,31,45,4,8
4,20,40,True,0.06096291542053223,16,8,0,1.0,0.796957314078666,0.9859154929577465,0,8,8,4,8
4,21,40,True,0.07865667343139648,4,4,0,1.0,0.9448410752519678,0.9859154929577465,0,1,3,1,9
4,22,40,True,0.06575727462768555,3,4,0,1.0,0.9583388048984245,0.9859154929577465,0,3,0,2,9
4,23,40,True,0.0625908374786377,57,4,0,1.0,0.44551507487455383,0.9859154929577465,0,30,27,3,7
4,24,40,True,0.06870722770690918,1,4,0,1.0,0.9859154929577465,0.9859154929577465,0,1,0,1,12
4,25,40,True,0.07503128051757812,8,4,0,1.0,0.8927246574832948,0.9859154929577465,0,4,4,3,9
4,26,40,True,0.07712769508361816,3,6,0,1.0,0.9583388048984245,0.9859154929577465,0,3,0,3,10
4,27,40,True,0.06937217712402344,6,4,0,1.0,0.9184132649741406,0.9859154929577465,0,2,4,2,11
4,28,40,True,0.06798124313354492,3,4,0,1.0,0.9583388048984245,0.9859154929577465,0,3,0,1,9
4,29,40,True,0.06811714172363281,19,8,0,1.0,0.7637551199292071,0.9859154929577465,0,7,12,4,7
4,30,40,True,0.08083105087280273,77,4,0,1.0,0.3354719628292383,0.9859154929577465,0,44,33,3,8
4,31,40,True,0.08088564872741699,3,2,0,1.0,0.9583388048984245,0.9859154929577465,0,1,2,1,10
4,32,40,True,0.04814767837524414,0,0,0,1.0,1.0,0.9859154929577465,0,0,0,0,9
4,33,40,True,0.06517696380615234,10,4,0,1.0,0.8677545768038375,0.9859154929577465,0,4,6,3,9
4,34,40,True,0.058515310287475586,3,4,0,1.0,0.9583388048984245,0.9859154929577465,0,3,0,1,9
4,35,40,True,0.05607295036315918,6,6,0,1.0,0.9184132649741406,0.9859154929577465,0,5,1,4,9
4,36,40,True,0.0635373592376709,9,6,0,1.0,0.880151070758178,0.9859154929577465,0,3,6,2,9
4,37,40,True,0.07170748710632324,6,4,0,1.0,0.9184132649741406,0.9859154929577465,0,4,2,3,11
4,38,40,True,0.05148959159851074,5,6,0,1.0,0.9315334544737711,0.9859154929577465,0,3,2,3,9
4,39,40,True,0.057224273681640625,33,6,0,1.0,0.6261953131330099,0.9859154929577465,0,7,26,5,7
4,40,40,True,0.05527043342590332,0,0,0,1.0,1.0,0.9859154929577465,0,0,0,0,11
4,41,40,True,0.053397178649902344,11,6,0,1.0,0.8555326813558961,0.9859154929577465,0,6,5,3,9
4,42,40,True,0.05922341346740723,5,4,0,1.0,0.9315334544737711,0.9859154929577465,0,2,3,2,9
4,43,40,True,0.06706070899963379,16,10,0,1.0,0.796957314078666,0.9859154929577465,0,10,6,7,8
4,44,40,True,0.06310033798217773,3,2,0,1.0,0.9583388048984245,0.9859154929577465,0,3,0,2,10
4,45,40,True,0.06526422500610352,21,6,0,1.0,0.7423923998518379,0.9859154929577465,0,4,17,3,8
4,46,40,True,0.058571815490722656,11,2,0,1.0,0.8555326813558961,0.9859154929577465,0,5,6,3,9
4,47,40,True,0.057830095291137695,7,4,0,1.0,0.9054778668759133,0.9859154929577465,0,3,4,1,9
4,48,40,True,0.07823705673217773,6,8,0,1.0,0.9184132649741406,0.9859154929577465,0,3,3,3,8
4,49,40,True,0.07719898223876953,39,6,0,1.0,0.575106082045992,0.9859154929577465,0,3,36,3,7
4,50,40,True,0.07724690437316895,7,4,0,1.0,0.9054778668759133,0.9859154929577465,0,5,2,2,7
4,1,60,True,0.07264876365661621,0,0,0,1.0,1.0,0.9859154929577465,0,0,0,0,11
4,2,60,True,0.0705406665802002,9,2,0,1.0,0.880151070758178,0.9859154929577465,0,7,2,1,10
4,3,60,True,0.07540559768676758,0,0,0,1.0,1.0,0.9859154929577465,0,0,0,0,11
4,4,60,True,0.0683445930480957,2,4,0,1.0,0.9720293592541163,0.9859154929577465,0,2,0,2,10
4,5,60,True,0.057924509048461914,2,4,0,1.0,0.9720293592541163,0.9859154929577465,0,2,0,2,11
4,6,60,True,0.07249212265014648,4,2,0,1.0,0.9448410752519678,0.9859154929577465,0,3,1,2,11
4,7,60,True,0.05665230751037598,0,0,0,1.0,1.0,0.9859154929577465,0,0,0,0,11
4,8,60,True,0.05962204933166504,6,2,0,1.0,0.9184132649741406,0.9859154929577465,0,3,3,2,12
4,9,60,True,0.057996511459350586,4,2,0,1.0,0.9448410752519678,0.9859154929577465,0,3,1,2,11
4,10,60,True,0.06302833557128906,8,4,0,1.0,0.8927246574832948,0.9859154929577465,0,3,5,2,10
4,11,60,True,0.06432676315307617,2,4,0,1.0,0.9720293592541163,0.9859154929577465,0,2,0,1,10
4,12,60,True,0.06558942794799805,5,4,0,1.0,0.9315334544737711,0.9859154929577465,0,2,3,2,10
4,13,60,True,0.05667710304260254,0,0,0,1.0,1.0,0.9859154929577465,0,0,0,0,12
4,14,60,True,0.04774832725524902,1,4,0,1.0,0.9859154929577465,0.9859154929577465,0,1,0,1,11
4,15,60,True,0.061453819274902344,0,0,0,1.0,1.0,0.9859154929577465,0,0,0,0,11
4,16,60,True,0.08801555633544922,1,2,0,1.0,0.9859154929577465,0.9859154929577465,0,1,0,1,11
4,17,60,True,0.06848263740539551,1,2,0,1.0,0.9859154929577465,0.9859154929577465,0,1,0,1,10
4,18,60,True,0.06341052055358887,1,2,0,1.0,0.9859154929577465,0.9859154929577465,0,1,0,1,12
4,19,60,True,0.06281614303588867,10,6,0,1.0,0.8677545768038375,0.9859154929577465,0,2,8,2,10
4,20,60,True,0.06303596496582031,0,0,0,1.0,1.0,0.9859154929577465,0,0,0,0,12
4,21,60,True,0.05846261978149414,1,4,0,1.0,0.9859154929577465,0.9859154929577465,0,1,0,1,11
4,22,60,True,0.05661153793334961,17,4,0,1.0,0.7857325631761496,0.9859154929577465,0,10,7,4,10
4,23,60,True,0.05443096160888672,1,2,0,1.0,0.9859154929577465,0.9859154929577465,0,1,0,1,11
4,24,60,True,0.06557798385620117,4,4,0,1.0,0.9448410752519678,0.9859154929577465,0,2,2,2,11
4,25,60,True,0.07701897621154785,2,4,0,1.0,0.9720293592541163,0.9859154929577465,0,2,0,1,11
4,26,60,True,0.0641183853149414,0,0,0,1.0,1.0,0.9859154929577465,0,0,0,0,12
4,27,60,True,0.06842184066772461,1,4,0,1.0,0.9859154929577465,0.9859154929577465,0,1,0,1,10
4,28,60,True,0.07348060607910156,3,2,0,1.0,0.9583388048984245,0.9859154929577465,0,1,2,1,11
4,29,60,True,0.05283927917480469,0,0,0,1.0,1.0,0.9859154929577465,0,0,0,0,13
4,30,60,True,0.07541203498840332,12,4,0,1.0,0.843482925280461,0.9859154929577465,0,10,2,3,10
4,31,60,True,0.05658578872680664,1,2,0,1.0,0.9859154929577465,0.9859154929577465,0,1,0,1,11
4,32,60,True,0.06550264358520508,3,6,0,1.0,0.9583388048984245,0.9859154929577465,0,2,1,2,10
4,33,60,True,0.07155680656433105,0,0,0,1.0,1.0,0.9859154929577465,0,0,0,0,11
4,34,60,True,0.06511878967285156,3,4,0,1.0,0.9583388048984245,0.9859154929577465,0,2,1,2,10
4,35,60,True,0.04759025573730469,0,0,0,1.0,1.0,0.9859154929577465,0,0,0,0,10
4,36,60,True,0.06772208213806152,2,2,0,1.0,0.9720293592541163,0.9859154929577465,0,1,1,1,10
4,37,60,True,0.0675053596496582,2,2,0,1.0,0.9720293592541163,0.9859154929577465,0,1,1,1,11
4,38,60,True,0.05657196044921875,0,0,0,1.0,1.0,0.9859154929577465,0,0,0,0,12
4,39,60,True,0.0639650821685791,2,4,0,1.0,0.9720293592541163,0.9859154929577465,0,2,0,2,10
4,40,60,True,0.05559349060058594,2,4,0,1.0,0.9720293592541163,0.9859154929577465,0,2,0,2,11
4,41,60,True,0.05383610725402832,2,6,0,1.0,0.9720293592541163,0.9859154929577465,0,2,0,2,11
4,42,60,True,0.057633399963378906,7,6,0,1.0,0.9054778668759133,0.9859154929577465,0,3,4,3,11
4,43,60,True,0.05552315711975098,0,0,0,1.0,1.0,0.9859154929577465,0,0,0,0,10
4,44,60,True,0.05496048927307129,0,0,0,1.0,1.0,0.9859154929577465,0,0,0,0,11
4,45,60,True,0.05344963073730469,2,2,0,1.0,0.9720293592541163,0.9859154929577465,0,1,1,1,10
4,46,60,True,0.05617189407348633,0,0,0,1.0,1.0,0.9859154929577465,0,0,0,0,10
4,47,60,True,0.05114865303039551,0,0,0,1.0,1.0,0.9859154929577465,0,0,0,0,10
4,48,60,True,0.06306648254394531,0,0,0,1.0,1.0,0.9859154929577465,0,0,0,0,10
4,49,60,True,0.046086788177490234,1,2,0,1.0,0.9859154929577465,0.9859154929577465,0,1,0,1,11
4,50,60,True,0.07583045959472656,5,4,0,1.0,0.9315334544737711,0.9859154929577465,0,4,1,2,11
4,1,80,True,0.06313943862915039,0,0,0,1.0,1.0,0.9859154929577465,0,0,0,0,13
4,2,80,True,0.06358647346496582,1,4,0,1.0,0.9859154929577465,0.9859154929577465,0,1,0,1,13
4,3,80,True,0.064117431640625,0,0,0,1.0,1.0,0.9859154929577465,0,0,0,0,13
4,4,80,True,0.06716084480285645,0,0,0,1.0,1.0,0.9859154929577465,0,0,0,0,14
4,5,80,True,0.06576967239379883,0,0,0,1.0,1.0,0.9859154929577465,0,0,0,0,13
4,6,80,True,0.07077240943908691,0,0,0,1.0,1.0,0.9859154929577465,0,0,0,0,13
4,7,80,True,0.07100582122802734,0,0,0,1.0,1.0,0.9859154929577465,0,0,0,0,13
4,8,80,True,0.0726625919342041,0,0,0,1.0,1.0,0.9859154929577465,0,0,0,0,14
4,9,80,True,0.06628298759460449,0,0,0,1.0,1.0,0.9859154929577465,0,0,0,0,13
4,10,80,True,0.06277990341186523,0,0,0,1.0,1.0,0.9859154929577465,0,0,0,0,14
4,11,80,True,0.06378293037414551,0,0,0,1.0,1.0,0.9859154929577465,0,0,0,0,13
4,12,80,True,0.06230735778808594,0,0,0,1.0,1.0,0.9859154929577465,0,0,0,0,13
4,13,80,True,0.0844278335571289,1,2,0,1.0,0.9859154929577465,0.9859154929577465,0,1,0,1,13
4,14,80,True,0.09018659591674805,1,4,0,1.0,0.9859154929577465,0.9859154929577465,0,1,0,1,13
4,15,80,True,0.07922005653381348,0,0,0,1.0,1.0,0.9859154929577465,0,0,0,0,14
4,16,80,True,0.06499648094177246,0,0,0,1.0,1.0,0.9859154929577465,0,0,0,0,13
4,17,80,True,0.06485390663146973,0,0,0,1.0,1.0,0.9859154929577465,0,0,0,0,14
4,18,80,True,0.08150553703308105,0,0,0,1.0,1.0,0.9859154929577465,0,0,0,0,13
4,19,80,True,0.08333158493041992,1,4,0,1.0,0.9859154929577465,0.9859154929577465,0,1,0,1,13
4,20,80,True,0.06326413154602051,1,2,0,1.0,0.9859154929577465,0.9859154929577465,0,1,0,1,13
4,21,80,True,0.06868743896484375,0,0,0,1.0,1.0,0.9859154929577465,0,0,0,0,13
4,22,80,True,0.06400823593139648,0,0,0,1.0,1.0,0.9859154929577465,0,0,0,0,14
4,23,80,True,0.06173872947692871,0,0,0,1.0,1.0,0.9859154929577465,0,0,0,0,14
4,24,80,True,0.06462883949279785,0,0,0,1.0,1.0,0.9859154929577465,0,0,0,0,14
4,25,80,True,0.05763959884643555,0,0,0,1.0,1.0,0.9859154929577465,0,0,0,0,14
4,26,80,True,0.06146574020385742,0,0,0,1.0,1.0,0.9859154929577465,0,0,0,0,13
4,27,80,True,0.06202435493469238,0,0,0,1.0,1.0,0.9859154929577465,0,0,0,0,13
4,28,80,True,0.06823968887329102,0,0,0,1.0,1.0,0.9859154929577465,0,0,0,0,13
4,29,80,True,0.07291746139526367,1,2,0,1.0,0.9859154929577465,0.9859154929577465,0,1,0,1,13
4,30,80,True,0.061187744140625,0,0,0,1.0,1.0,0.9859154929577465,0,0,0,0,13
4,31,80,True,0.06595301628112793,1,4,0,1.0,0.9859154929577465,0.9859154929577465,0,1,0,1,13
4,32,80,True,0.0731649398803711,0,0,0,1.0,1.0,0.9859154929577465,0,0,0,0,14
4,33,80,True,0.08111310005187988,1,4,0,1.0,0.9859154929577465,0.9859154929577465,0,1,0,1,13
4,34,80,True,0.06737518310546875,0,0,0,1.0,1.0,0.9859154929577465,0,0,0,0,13
4,35,80,True,0.06377506256103516,0,0,0,1.0,1.0,0.9859154929577465,0,0,0,0,13
4,36,80,True,0.08361124992370605,0,0,0,1.0,1.0,0.9859154929577465,0,0,0,0,14
4,37,80,True,0.06736373901367188,0,0,0,1.0,1.0,0.9859154929577465,0,0,0,0,13
4,38,80,True,0.06297063827514648,0,0,0,1.0,1.0,0.9859154929577465,0,0,0,0,13
4,39,80,True,0.06287717819213867,0,0,0,1.0,1.0,0.9859154929577465,0,0,0,0,13
4,40,80,True,0.06687211990356445,0,0,0,1.0,1.0,0.9859154929577465,0,0,0,0,13
4,41,80,True,0.0651555061340332,0,0,0,1.0,1.0,0.9859154929577465,0,0,0,0,13
4,42,80,True,0.0542604923248291,0,0,0,1.0,1.0,0.9859154929577465,0,0,0,0,13
4,43,80,True,0.09289431571960449,1,2,0,1.0,0.9859154929577465,0.9859154929577465,0,1,0,1,13
4,44,80,True,0.07043600082397461,0,0,0,1.0,1.0,0.9859154929577465,0,0,0,0,13
4,45,80,True,0.07374739646911621,1,2,0,1.0,0.9859154929577465,0.9859154929577465,0,1,0,1,13
4,46,80,True,0.06844735145568848,0,0,0,1.0,1.0,0.9859154929577465,0,0,0,0,13
4,47,80,True,0.07261133193969727,0,0,0,1.0,1.0,0.9859154929577465,0,0,0,0,14
4,48,80,True,0.06774401664733887,0,0,0,1.0,1.0,0.9859154929577465,0,0,0,0,13
4,49,80,True,0.07001972198486328,0,0,0,1.0,1.0,0.9859154929577465,0,0,0,0,13
4,50,80,True,0.06493687629699707,0,0,0,1.0,1.0,0.9859154929577465,0,0,0,0,14
9,1,20,False,0.2633705139160156,16402,34,2,1.0,0.49535437350242395,0.9996341909523229,1,1371,15031,263,35
9,2,20,False,0.28249359130859375,16402,38,3,1.0,0.49535437350242395,0.9996341909523229,1,1599,14803,287,39
9,3,20,True,0.07868742942810059,1091,40,0,1.0,0.6708761826819527,0.9996341909523229,0,336,755,111,37
9,4,20,True,0.10217809677124023,2489,38,0,1.0,0.40225651589222094,0.9996341909523229,0,525,1964,147,36
9,5,20,True,0.1341249942779541,5742,37,0,1.0,0.12235118155585588,0.9996341909523229,0,789,4953,181,37
9,6,20,False,0.33859896659851074,16402,32,2,1.0,0.49535437350242395,0.9996341909523229,1,1295,15107,273,36
9,7,20,True,0.13832521438598633,3886,34,0,1.0,0.24128076400751,0.9996341909523229,0,670,3216,161,37
9,8,20,True,0.16188645362854004,5156,35,0,1.0,0.15160807950686486,0.9996341909523229,0,784,4372,170,30
9,9,20,True,0.11649012565612793,2254,34,0,1.0,0.4383733032046662,0.9996341909523229,0,394,1860,130,39
9,10,20,True,0.14069032669067383,4941,39,0,1.0,0.16401569110155487,0.9996341909523229,0,733,4208,168,35
9,11,20,True,0.14432954788208008,5486,36,0,1.0,0.134364962159849,0.9996341909523229,0,449,5037,120,38
9,12,20,True,0.14150619506835938,5271,41,0,1.0,0.1453613963066134,0.9996341909523229,0,761,4510,170,35
9,13,20,True,0.11837172508239746,2570,36,0,1.0,0.3905101770829587,0.9996341909523229,0,505,2065,126,37
9,14,20,True,0.11376810073852539,3810,37,0,1.0,0.24808410585246754,0.9996341909523229,0,560,3250,142,36
9,15,20,True,0.09304594993591309,1836,30,0,1.0,0.5108147470068716,0.9996341909523229,0,341,1495,107,40
9,16,20,True,0.09001946449279785,2218,32,0,1.0,0.4441855465628688,0.9996341909523229,0,411,1807,128,42
9,17,20,True,0.10988974571228027,3477,36,0,1.0,0.28022827080099244,0.9996341909523229,0,579,2898,157,37
9,18,20,True,0.1832141876220703,9577,41,0,1.0,0.030077010041013118,0.9996341909523229,0,883,8694,182,32
9,19,20,True,0.14247536659240723,5971,37,0,1.0,0.11251762200292412,0.9996341909523229,0,778,5193,158,37
9,20,20,True,0.1505897045135498,5109,43,0,1.0,0.1542377028461511,0.9996341909523229,0,725,4384,175,33
9,21,20,True,0.0990915298461914,1780,40,0,1.0,0.5213888145749246,0.9996341909523229,0,478,1302,141,37
9,22,20,True,0.11063790321350098,1416,43,0,1.0,0.595662899657,0.9996341909523229,0,314,1102,103,35
9,23,20,False,0.3651261329650879,16402,41,2,1.0,0.49535437350242395,0.9996341909523229,1,1583,14819,320,30
9,24,20,True,0.1585865020751953,5106,31,0,1.0,0.1544070914003506,0.9996341909523229,0,484,4622,112,36
9,25,20,True,0.11366438865661621,2857,29,0,1.0,0.35158363719817576,0.9996341909523229,0,533,2324,145,39
9,26,20,True,0.10294723510742188,2023,30,0,1.0,0.4770342004460761,0.9996341909523229,0,482,1541,127,39
9,27,20,True,0.12430691719055176,2533,32,0,1.0,0.3958326185936863,0.9996341909523229,0,572,1961,169,39
9,28,20,True,0.10439062118530273,1915,39,0,1.0,0.4962613942069399,0.9996341909523229,0,410,1505,115,39
9,29,20,True,0.148390531539917,2603,44,0,1.0,0.38582354341503505,0.9996341909523229,0,637,1966,163,37
9,30,20,False,0.3433561325073242,16402,42,2,1.0,0.49535437350242395,0.9996341909523229,1,1415,14987,253,40
9,31,20,True,0.1166982650756836,3385,41,0,1.0,0.2898214701765005,0.9996341909523229,0,417,2968,120,40
9,32,20,True,0.08235025405883789,2052,41,0,1.0,0.4719994329344369,0.9996341909523229,0,601,1451,168,36
9,33,20,True,0.12569856643676758,3821,40,0,1.0,0.24708766420739536,0.9996341909523229,0,706,3115,169,34
9,34,20,True,0.09806227684020996,2256,34,0,1.0,0.4380526400249971,0.9996341909523229,0,616,1640,147,36
9,35,20,True,0.1836235523223877,10620,44,0,1.0,0.020535445769797073,0.9996341909523229,0,790,9830,147,35
9,36,20,True,0.07837080955505371,1401,45,0,1.0,0.5989409678140359,0.9996341909523229,0,408,993,130,36
9,37,20,True,0.12124109268188477,2830,38,0,1.0,0.35507402109212954,0.9996341909523229,0,719,2111,163,37
9,38,20,True,0.1426835060119629,6432,40,0,1.0,0.09505360791155712,0.9996341909523229,0,645,5787,145,36
9,39,20,True,0.09475588798522949,1238,35,0,1.0,0.6357470890250263,0.9996341909523229,0,357,881,116,40
9,40,20,True,0.14328551292419434,3523,39,0,1.0,0.2755514132567755,0.9996341909523229,0,669,2854,177,35
9,41,20,False,0.275463342666626,16402,37,2,1.0,0.49535437350242395,0.9996341909523229,1,866,15536,257,39
9,42,20,True,0.09645342826843262,3063,36,0,1.0,0.3260586184350139,0.9996341909523229,0,513,2550,137,37
9,43,20,False,0.20294690132141113,16402,36,2,1.0,0.49535437350242395,0.9996341909523229,1,1181,15221,268,33
9,44,20,True,0.06827092170715332,1512,37,0,1.0,0.5751039511831131,0.9996341909523229,0,367,1145,108,39
9,45,20,True,0.09431195259094238,2719,39,0,1.0,0.36979119583692066,0.9996341909523229,0,597,2122,155,36
9,46,20,True,0.09164977073669434,4244,37,0,1.0,0.21165924640788086,0.9996341909523229,0,749,3495,182,32
9,47,20,True,0.10228490829467773,3345,37,0,1.0,0.29409420824362503,0.9996341909523229,0,676,2669,160,33
9,48,20,True,0.09544777870178223,4321,44,0,1.0,0.2057794992283585,0.9996341909523229,0,628,3693,152,34
9,49,20,True,0.11519598960876465,4404,35,0,1.0,0.199624379405499,0.9996341909523229,0,780,3624,188,37
9,50,20,True,0.11822700500488281,3161,36,0,1.0,0.31457462553214305,0.9996341909523229,0,532,2629,151,40
9,1,40,True,0.07970309257507324,1008,26,0,1.0,0.6915616485704755,0.9996341909523229,0,235,773,75,49
9,2,40,True,0.09586000442504883,1437,31,0,1.0,0.5911037234708328,0.9996341909523229,0,309,1128,114,47
9,3,40,True,0.08860611915588379,1353,29,0,1.0,0.6095525044518372,0.9996341909523229,0,369,984,91,46
9,4,40,True,0.07799863815307617,1241,27,0,1.0,0.6350496581021985,0.9996341909523229,0,270,971,98,48
9,5,40,True,0.08936095237731934,1743,37,0,1.0,0.5284950607953218,0.9996341909523229,0,374,1369,113,43
9,6,40,True,0.07915282249450684,1663,37,0,1.0,0.5441927681652883,0.9996341909523229,0,466,1197,147,43
9,7,40,True,0.09413671493530273,2842,41,0,1.0,0.35351848176596384,0.9996341909523229,0,489,2353,141,43
9,8,40,True,0.09524273872375488,2273,34,0,1.0,0.4353364560628454,0.9996341909523229,0,501,1772,124,45
9,9,40,True,0.08346700668334961,1856,27,0,1.0,0.5070904929331512,0.9996341909523229,0,262,1594,93,46
9,10,40,True,0.114471435546875,3921,32,0,1.0,0.23821070383981882,0.9996341909523229,0,586,3335,141,41
9,11,40,True,0.053642988204956055,425,30,0,1.0,0.8559893982367337,0.9996341909523229,0,147,278,64,48
9,12,40,True,0.06675863265991211,325,46,0,1.0,0.8878879814688412,0.9996341909523229,0,91,234,44,47
9,13,40,True,0.09932112693786621,2255,38,0,1.0,0.43821294228409385,0.9996341909523229,0,413,1842,119,47
9,14,40,True,0.10033583641052246,1767,23,0,1.0,0.5238746489965797,0.9996341909523229,0,379,1388,117,45
9,15,40,False,0.2582106590270996,16402,32,2,1.0,0.49535437350242395,0.9996341909523229,1,1205,15197,222,42
9,16,40,True,0.11857485771179199,2962,43,0,1.0,0.3383330108105229,0.9996341909523229,0,575,2387,156,40
9,17,40,True,0.07653427124023438,2229,30,0,1.0,0.44240145412690424,0.9996341909523229,0,568,1661,139,43
9,18,40,True,0.08006000518798828,1602,30,0,1.0,0.5564748472787018,0.9996341909523229,0,355,1247,103,47
9,19,40,True,0.07281732559204102,2522,46,0,1.0,0.39742891077164655,0.9996341909523229,0,394,2128,127,43
9,20,40,True,0.08284854888916016,1080,33,0,1.0,0.6735816555320674,0.9996341909523229,0,267,813,92,48
9,21,40,True,0.08122682571411133,1265,35,0,1.0,0.6294976839197589,0.9996341909523229,0,290,975,89,45
9,22,40,True,0.09092569351196289,2440,35,0,1.0,0.4095331723569595,0.9996341909523229,0,407,2033,144,43
9,23,40,True,0.08593273162841797,1367,29,0,1.0,0.6064381987966053,0.9996341909523229,0,323,1044,118,47
9,24,40,True,0.07558727264404297,1135,34,0,1.0,0.6601625223002857,0.9996341909523229,0,267,868,75,47
9,25,40,True,0.09810900688171387,2180,27,0,1.0,0.4504043161664216,0.9996341909523229,0,486,1694,133,46
9,26,40,True,0.11285710334777832,2724,36,0,1.0,0.36911532567073974,0.9996341909523229,0,440,2284,130,43
9,27,40,True,0.07878708839416504,1238,37,0,1.0,0.6357470890250263,0.9996341909523229,0,369,869,131,42
9,28,40,True,0.07880306243896484,1588,28,0,1.0,0.5593325708972225,0.9996341909523229,0,298,1290,94,44
9,29,40,True,0.07911992073059082,820,38,0,1.0,0.7408046659471331,0.9996341909523229,0,210,610,75,45
9,30,40,True,0.09250354766845703,1320,35,0,1.0,0.616956794154962,0.9996341909523229,0,340,980,101,47
9,31,40,True,0.08185052871704102,1289,31,0,1.0,0.6239942483310011,0.9996341909523229,0,347,942,114,49
9,32,40,True,0.06830000877380371,2000,36,0,1.0,0.48106545153477265,0.9996341909523229,0,354,1646,121,44
9,33,40,True,0.0724022388458252,1957,28,0,1.0,0.4886937433365307,0.9996341909523229,0,384,1573,99,45
9,34,40,True,0.0809628963470459,1355,35,0,1.0,0.6091066263775478,0.9996341909523229,0,373,982,120,43
9,35,40,True,0.09813904762268066,3971,32,0,1.0,0.23389254340329776,0.9996341909523229,0,506,3465,136,43
9,36,40,True,0.08670926094055176,2022,31,0,1.0,0.4772087677309429,0.9996341909523229,0,495,1527,134,44
9,37,40,True,0.05649137496948242,890,33,0,1.0,0.7220725826223595,0.9996341909523229,0,219,671,84,44
9,38,40,True,0.06931519508361816,1486,30,0,1.0,0.5806008899495082,0.9996341909523229,0,272,1214,90,47
9,39,40,True,0.06387543678283691,938,30,0,1.0,0.7095022140163941,0.9996341909523229,0,214,724,75,44
9,40,40,True,0.08434081077575684,1796,30,0,1.0,0.5183455128036761,0.9996341909523229,0,391,1405,103,48
9,41,40,True,0.08807945251464844,2089,35,0,1.0,0.4656528377907238,0.9996341909523229,0,432,1657,124,44
9,42,40,True,0.0986473560333252,4848,29,0,1.0,0.16969260020000357,0.9996341909523229,0,575,4273,130,41
9,43,40,True,0.07904815673828125,1267,26,0,1.0,0.629037216260245,0.9996341909523229,0,360,907,103,45
9,44,40,True,0.0633392333984375,796,35,0,1.0,0.747338333162489,0.9996341909523229,0,228,568,91,46
9,45,40,True,0.09940385818481445,2084,32,0,1.0,0.46650547337362275,0.9996341909523229,0,375,1709,136,44
9,46,40,True,0.08075523376464844,1616,32,0,1.0,0.5536317242479253,0.9996341909523229,0,321,1295,111,47
9,47,40,True,0.11046004295349121,2079,29,0,1.0,0.46735967017848407,0.9996341909523229,0,472,1607,131,46
9,48,40,True,0.07315826416015625,313,33,0,1.0,0.8917948342746841,0.9996341909523229,0,94,219,34,47
9,49,40,True,0.07767963409423828,649,32,0,1.0,0.7886335569272378,0.9996341909523229,0,140,509,52,47
9,50,40,True,0.09423398971557617,940,31,0,1.0,0.708983224300858,0.9996341909523229,0,267,673,87,49
9,1,60,True,0.0862112045288086,359,23,0,1.0,0.8769112631537211,0.9996341909523229,0,78,281,41,56
9,2,60,True,0.07263064384460449,351,23,0,1.0,0.8794817493220445,0.9996341909523229,0,79,272,37,55
9,3,60,True,0.10363411903381348,944,22,0,1.0,0.7079463834905443,0.9996341909523229,0,152,792,47,55
9,4,60,True,0.07258844375610352,198,24,0,1.0,0.9301183503585837,0.9996341909523229,0,57,141,28,55
9,5,60,True,0.06975626945495605,304,19,0,1.0,0.8947362512062191,0.9996341909523229,0,77,227,24,56
9,6,60,True,0.08093404769897461,506,22,0,1.0,0.8309935533179182,0.9996341909523229,0,134,372,45,55
9,7,60,True,0.07122159004211426,496,20,0,1.0,0.8340395279060953,0.9996341909523229,0,120,376,52,56
9,8,60,True,0.09358072280883789,401,29,0,1.0,0.8635389590387054,0.9996341909523229,0,99,302,42,51
9,9,60,True,0.10117244720458984,1245,26,0,1.0,0.6341209402150504,0.9996341909523229,0,194,1051,83,53
9,10,60,True,0.07834911346435547,389,32,0,1.0,0.8673386721505936,0.9996341909523229,0,85,304,41,52
9,11,60,True,0.08491230010986328,2099,23,0,1.0,0.46395223888219983,0.9996341909523229,0,315,1784,110,52
9,12,60,True,0.06353068351745605,794,25,0,1.0,0.7478853995748426,0.9996341909523229,0,282,512,82,53
9,13,60,True,0.07760810852050781,1181,25,0,1.0,0.6491447685811335,0.9996341909523229,0,281,900,109,53
9,14,60,True,0.0791313648223877,921,27,0,1.0,0.7139289935979881,0.9996341909523229,0,256,665,86,52
9,15,60,True,0.06511688232421875,112,22,0,1.0,0.9598501419140074,0.9996341909523229,0,27,85,14,56
9,16,60,True,0.07475996017456055,118,25,0,1.0,0.957745336429924,0.9996341909523229,0,33,85,20,57
9,17,60,True,0.06398200988769531,63,23,0,1.0,0.9772134398704048,0.9996341909523229,0,33,30,18,56
9,18,60,True,0.09563207626342773,719,14,0,1.0,0.7686920660320824,0.9996341909523229,0,219,500,64,57
9,19,60,True,0.07886648178100586,621,25,0,1.0,0.7967542602280459,0.9996341909523229,0,133,488,49,51
9,20,60,True,0.0745694637298584,434,20,0,1.0,0.8531753603503803,0.9996341909523229,0,133,301,37,54
9,21,60,True,0.07951807975769043,262,18,0,1.0,0.9085916599618096,0.9996341909523229,0,78,184,21,54
9,22,60,True,0.07864880561828613,168,21,0,1.0,0.9403838243174576,0.9996341909523229,0,36,132,21,56
9,23,60,True,0.09461641311645508,652,21,0,1.0,0.7877684056133336,0.9996341909523229,0,139,513,60,55
9,24,60,True,0.0972585678100586,1506,22,0,1.0,0.5763678382565603,0.9996341909523229,0,225,1281,81,52
9,25,60,True,0.07503128051757812,408,20,0,1.0,0.8613301516767053,0.9996341909523229,0,76,332,42,55
9,26,60,True,0.07917451858520508,615,21,0,1.0,0.7985052609091309,0.9996341909523229,0,131,484,53,52
9,27,60,True,0.08584284782409668,921,21,0,1.0,0.7139289935979881,0.9996341909523229,0,166,755,57,58
9,28,60,True,0.0709073543548584,151,30,0,1.0,0.9462511378086789,0.9996341909523229,0,43,108,20,54
9,29,60,True,0.08375835418701172,691,16,0,1.0,0.7766074281709364,0.9996341909523229,0,180,511,56,54
9,30,60,True,0.052773475646972656,206,27,0,1.0,0.9273998671651081,0.9996341909523229,0,76,130,26,53
9,31,60,True,0.05737113952636719,400,17,0,1.0,0.8638549650007835,0.9996341909523229,0,91,309,41,54
9,32,60,True,0.08370423316955566,126,28,0,1.0,0.9549461070633488,0.9996341909523229,0,44,82,22,54
9,33,60,True,0.06356644630432129,141,17,0,1.0,0.9497195845954088,0.9996341909523229,0,45,96,19,55
9,34,60,True,0.07428312301635742,357,24,0,1.0,0.8775531795086015,0.9996341909523229,0,67,290,35,53
9,35,60,True,0.08677363395690918,1995,20,0,1.0,0.48194630844875164,0.9996341909523229,0,402,1593,133,54
9,36,60,True,0.07497406005859375,616,21,0,1.0,0.7982131604600725,0.9996341909523229,0,167,449,50,57
9,37,60,True,0.04722881317138672,253,19,0,1.0,0.9115884780524154,0.9996341909523229,0,48,205,22,53
9,38,60,True,0.08650660514831543,1270,21,0,1.0,0.6283471462405738,0.9996341909523229,0,247,1023,75,54
9,39,60,True,0.08584046363830566,201,23,0,1.0,0.9290979865840133,0.9996341909523229,0,72,129,29,56
9,40,60,True,0.08539581298828125,806,23,0,1.0,0.7446089978067676,0.9996341909523229,0,210,596,75,53
9,41,60,True,0.07836294174194336,146,23,0,1.0,0.9479837749258114,0.9996341909523229,0,62,84,28,55
9,42,60,True,0.09025883674621582,596,23,0,1.0,0.8040755236003188,0.9996341909523229,0,101,495,50,54
9,43,60,True,0.09441971778869629,428,20,0,1.0,0.8550503558309579,0.9996341909523229,0,82,346,32,53
9,44,60,True,0.07546520233154297,513,19,0,1.0,0.8288679923815749,0.9996341909523229,0,106,407,43,53
9,45,60,True,0.0713815689086914,164,30,0,1.0,0.9417610872700611,0.9996341909523229,0,41,123,28,56
9,46,60,True,0.07641458511352539,374,21,0,1.0,0.8721118337562267,0.9996341909523229,0,101,273,46,54
9,47,60,True,0.07371091842651367,102,29,0,1.0,0.9633684353220066,0.9996341909523229,0,30,72,18,53
9,48,60,True,0.08193278312683105,97,23,0,1.0,0.965132415138589,0.9996341909523229,0,20,77,13,56
9,49,60,True,0.08588004112243652,440,24,0,1.0,0.8513044764499317,0.9996341909523229,0,101,339,44,55
9,50,60,True,0.08764076232910156,182,25,0,1.0,0.9355792461379385,0.9996341909523229,0,44,138,20,54
9,1,80,True,0.07238221168518066,13,7,0,1.0,0.9952549060611798,0.9996341909523229,0,3,10,3,67
9,2,80,True,0.06709599494934082,24,12,0,1.0,0.9912574172561068,0.9996341909523229,0,11,13,5,66
9,3,80,True,0.06379365921020508,16,8,0,1.0,0.9941630858081801,0.9996341909523229,0,5,11,4,67
9,4,80,True,0.07526230812072754,211,12,0,1.0,0.9257048514119115,0.9996341909523229,0,43,168,20,66
9,5,80,True,0.06502819061279297,14,16,0,1.0,0.9948908328117976,0.9996341909523229,0,8,6,4,67
9,6,80,True,0.0640561580657959,6,4,0,1.0,0.9978071519790723,0.9996341909523229,0,1,5,1,66
9,7,80,True,0.0674903392791748,36,10,0,1.0,0.9869148300677998,0.9996341909523229,0,12,24,8,66
9,8,80,True,0.06249237060546875,3,6,0,1.0,0.9989029742567955,0.9996341909523229,0,2,1,2,67
9,9,80,True,0.06312823295593262,6,12,0,1.0,0.9978071519790723,0.9996341909523229,0,3,3,3,68
9,10,80,True,0.05919075012207031,26,4,0,1.0,0.9905323280388478,0.9996341909523229,0,6,20,4,66
9,11,80,True,0.06324076652526855,12,8,0,1.0,0.9956191125405874,0.9996341909523229,0,3,9,3,68
9,12,80,True,0.06935286521911621,31,8,0,1.0,0.9887219246093016,0.9996341909523229,0,4,27,3,65
9,13,80,True,0.06174945831298828,164,17,0,1.0,0.9417610872700611,0.9996341909523229,0,30,134,14,66
9,14,80,True,0.0655663013458252,62,10,0,1.0,0.9775710442031215,0.9996341909523229,0,14,48,8,68
9,15,80,True,0.07519364356994629,222,13,0,1.0,0.9219867137189602,0.9996341909523229,0,65,157,29,66
9,16,80,True,0.06359410285949707,28,13,0,1.0,0.9898077692129521,0.9996341909523229,0,6,22,6,66
9,17,80,True,0.0637354850769043,42,14,0,1.0,0.9847506758358613,0.9996341909523229,0,15,27,7,65
9,18,80,True,0.06663322448730469,60,14,0,1.0,0.9782866455047567,0.9996341909523229,0,17,43,11,65
9,19,80,True,0.07580447196960449,181,6,0,1.0,0.9359216147325242,0.9996341909523229,0,39,142,17,66
9,20,80,True,0.07074260711669922,11,6,0,1.0,0.995983452298775,0.9996341909523229,0,6,5,4,67
9,21,80,True,0.07239818572998047,45,11,0,1.0,0.9836703789938314,0.9996341909523229,0,17,28,10,66
9,22,80,True,0.07601404190063477,37,12,0,1.0,0.9865538076936743,0.9996341909523229,0,10,27,6,67
9,23,80,True,0.07153463363647461,32,11,0,1.0,0.9883602411836429,0.9996341909523229,0,20,12,9,68
9,24,80,True,0.06482148170471191,39,9,0,1.0,0.9858321590928651,0.9996341909523229,0,9,30,6,67
9,25,80,True,0.07710075378417969,11,16,0,1.0,0.995983452298775,0.9996341909523229,0,4,7,4,68
9,26,80,True,0.07289457321166992,50,7,0,1.0,0.981872517200467,0.9996341909523229,0,15,35,7,65
9,27,80,True,0.06827449798583984,7,14,0,1.0,0.9974421450950415,0.9996341909523229,0,4,3,4,65
9,28,80,True,0.0713033676147461,46,13,0,1.0,0.9833105434692634,0.9996341909523229,0,16,30,11,66
9,29,80,True,0.07507538795471191,60,8,0,1.0,0.9782866455047567,0.9996341909523229,0,23,37,10,65
9,30,80,True,0.08327269554138184,21,10,0,1.0,0.9923460464151915,0.9996341909523229,0,12,9,5,66
9,31,80,True,0.07627177238464355,23,10,0,1.0,0.9916201608828168,0.9996341909523229,0,10,13,6,67
9,32,80,True,0.06618905067443848,48,9,0,1.0,0.9825912672652474,0.9996341909523229,0,14,34,9,66
9,33,80,True,0.05889296531677246,0,0,0,1.0,1.0,0.9996341909523229,0,0,0,0,66
9,34,80,True,0.06624889373779297,19,14,0,1.0,0.9930724633101049,0.9996341909523229,0,5,14,5,66
9,35,80,True,0.07111716270446777,36,7,0,1.0,0.9869148300677998,0.9996341909523229,0,16,20,10,66
9,36,80,True,0.0719912052154541,19,5,0,1.0,0.9930724633101049,0.9996341909523229,0,6,13,4,68
9,37,80,True,0.06634020805358887,231,6,0,1.0,0.9189557117597489,0.9996341909523229,0,73,158,27,67
9,38,80,True,0.06064796447753906,52,10,0,1.0,0.9811542928900595,0.9996341909523229,0,19,33,11,65
9,39,80,True,0.05916118621826172,28,6,0,1.0,0.9898077692129521,0.9996341909523229,0,14,14,6,66
9,40,80,True,0.05422186851501465,16,8,0,1.0,0.9941630858081801,0.9996341909523229,0,6,10,5,65
9,41,80,True,0.05566549301147461,130,11,0,1.0,0.9535495618962473,0.9996341909523229,0,41,89,17,65
9,42,80,True,0.05551743507385254,0,0,0,1.0,1.0,0.9996341909523229,0,0,0,0,67
9,43,80,True,0.05753827095031738,10,12,0,1.0,0.996347925384515,0.9996341909523229,0,6,4,4,66
9,44,80,True,0.06045651435852051,24,12,0,1.0,0.9912574172561068,0.9996341909523229,0,11,13,6,65
9,45,80,True,0.0671989917755127,24,10,0,1.0,0.9912574172561068,0.9996341909523229,0,7,17,5,68
9,46,80,True,0.06007504463195801,15,8,0,1.0,0.994526892743704,0.9996341909523229,0,6,9,4,65
9,47,80,True,0.0958244800567627,38,9,0,1.0,0.9861929173847996,0.9996341909523229,0,14,24,7,68
9,48,80,True,0.07991528511047363,11,12,0,1.0,0.995983452298775,0.9996341909523229,0,6,5,4,69
9,49,80,True,0.07167506217956543,20,8,0,1.0,0.992709188418027,0.9996341909523229,0,9,11,6,65
9,50,80,True,0.07129096984863281,18,15,0,1.0,0.9934358711400549,0.9996341909523229,0,9,9,8,66
16,1,20,False,2.350616931915283,218453,131,5,1.0,0.49571088414546255,0.9999725341377779,1,18053,200400,4271,115
16,2,20,False,2.310234785079956,218453,136,4,1.0,0.49571088414546255,0.9999725341377779,1,18174,200279,4486,120
16,3,20,False,2.357022285461426,218453,142,9,1.0,0.49571088414546255,0.9999725341377779,1,17877,200576,4147,114
16,4,20,False,2.6914350986480713,218453,116,5,1.0,0.49571088414546255,0.9999725341377779,1,18773,199680,4389,114
16,5,20,True,1.5879523754119873,132259,127,0,1.0,0.026445814930191998,0.9999725341377779,0,9241,123018,2284,117
16,6,20,False,2.6701953411102295,218453,116,7,1.0,0.49571088414546255,0.9999725341377779,1,17938,200515,4293,124
16,7,20,False,2.3407115936279297,218453,130,4,1.0,0.49571088414546255,0.9999725341377779,1,17529,200924,4292,116
16,8,20,False,2.2562806606292725,218453,129,5,1.0,0.49571088414546255,0.9999725341377779,1,18218,200235,4443,119
16,9,20,False,2.2881011962890625,218453,131,2,1.0,0.49571088414546255,0.9999725341377779,1,16712,201741,4132,124
16,10,20,False,2.292189121246338,218453,128,6,1.0,0.49571088414546255,0.9999725341377779,1,17689,200764,4132,116
16,11,20,False,2.440197229385376,218453,134,7,1.0,0.49571088414546255,0.9999725341377779,1,17538,200915,4313,113
16,12,20,False,2.5540099143981934,218453,138,8,1.0,0.49571088414546255,0.9999725341377779,1,18616,199837,4109,120
16,13,20,True,0.9097340106964111,61988,138,0,1.0,0.18221330933021931,0.9999725341377779,0,9181,52807,2245,118
16,14,20,True,1.0004842281341553,90094,124,0,1.0,0.08420143004843407,0.9999725341377779,0,9038,81056,2235,123
16,15,20,False,2.1685478687286377,218453,132,7,1.0,0.49571088414546255,0.9999725341377779,1,18128,200325,4385,113
16,16,20,False,2.2362027168273926,218453,122,9,1.0,0.49571088414546255,0.9999725341377779,1,18367,200086,4383,115
16,17,20,False,2.452220916748047,218453,136,8,1.0,0.49571088414546255,0.9999725341377779,1,18678,199775,4447,111
16,18,20,False,2.3414623737335205,218453,128,5,1.0,0.49571088414546255,0.9999725341377779,1,17784,200669,4201,119
16,19,20,False,2.336337089538574,218453,137,2,1.0,0.49571088414546255,0.9999725341377779,1,18683,199770,4377,113
16,20,20,False,2.444281578063965,218453,121,6,1.0,0.49571088414546255,0.9999725341377779,1,16865,201588,3950,124
16,21,20,False,2.4376418590545654,218453,140,2,1.0,0.49571088414546255,0.9999725341377779,1,16092,202361,4116,119
16,22,20,False,2.208000421524048,218453,117,6,1.0,0.49571088414546255,0.9999725341377779,1,18572,199881,4484,111
16,23,20,True,0.8383910655975342,72801,132,0,1.0,0.13539353112057032,0.9999725341377779,0,9338,63463,2343,112
16,24,20,True,0.4661073684692383,41081,135,0,1.0,0.32356974881248957,0.9999725341377779,0,8960,32121,2305,113
16,25,20,False,2.1183581352233887,218453,142,8,1.0,0.49571088414546255,0.9999725341377779,1,18622,199831,4442,108
16,26,20,False,2.2764015197753906,218453,143,9,1.0,0.49571088414546255,0.9999725341377779,1,18510,199943,4175,117
16,27,20,True,1.5111675262451172,135948,140,0,1.0,0.02389752657219213,0.9999725341377779,0,9707,126241,2342,116
16,28,20,False,2.4879372119903564,218453,143,8,1.0,0.49571088414546255,0.9999725341377779,1,19208,199245,4401,110
16,29,20,True,0.924572229385376,72596,121,0,1.0,0.136158025357371,0.9999725341377779,0,9459,63137,2281,120
16,30,20,False,2.2852301597595215,218453,134,5,1.0,0.49571088414546255,0.9999725341377779,1,18304,200149,4357,114
16,31,20,False,2.284357786178589,218453,138,9,1.0,0.49571088414546255,0.9999725341377779,1,18450,200003,4347,117
16,32,20,False,2.2458815574645996,218453,132,4,1.0,0.49571088414546255,0.9999725341377779,1,17964,200489,4294,120
16,33,20,False,2.404296636581421,218453,138,7,1.0,0.49571088414546255,0.9999725341377779,1,18810,199643,4358,119
16,34,20,False,2.389101266860962,218453,137,6,1.0,0.49571088414546255,0.9999725341377779,1,18970,199483,4540,114
16,35,20,False,2.4982707500457764,218453,131,2,1.0,0.49571088414546255,0.9999725341377779,1,17802,200651,4392,118
16,36,20,True,0.738835334777832,60669,118,0,1.0,0.18893555911612955,0.9999725341377779,0,8367,52302,2161,122
16,37,20,False,2.376376152038574,218453,132,4,1.0,0.49571088414546255,0.9999725341377779,1,17393,201060,4368,117
16,38,20,True,0.8931469917297363,48869,125,0,1.0,0.2612577910329041,0.9999725341377779,0,9006,39863,2285,120
16,39,20,False,2.252361536026001,218453,131,2,1.0,0.49571088414546255,0.9999725341377779,1,17133,201320,4293,122
16,40,20,False,2.1654229164123535,218453,135,6,1.0,0.49571088414546255,0.9999725341377779,1,18602,199851,4467,114
16,41,20,False,2.1579325199127197,218453,125,5,1.0,0.49571088414546255,0.9999725341377779,1,18347,200106,4505,112
16,42,20,False,2.3140203952789307,218453,143,4,1.0,0.49571088414546255,0.9999725341377779,1,17880,200573,4429,108
16,43,20,False,2.581353187561035,218453,124,5,1.0,0.49571088414546255,0.9999725341377779,1,17377,201076,4296,121
16,44,20,False,2.3365461826324463,218453,123,4,1.0,0.49571088414546255,0.9999725341377779,1,16813,201640,4232,117
16,45,20,False,2.3127899169921875,218453,131,5,1.0,0.49571088414546255,0.9999725341377779,1,17724,200729,4376,112
16,46,20,False,2.23179030418396,218453,127,7,1.0,0.49571088414546255,0.9999725341377779,1,18702,199751,4295,115
16,47,20,False,2.2113759517669678,218453,129,2,1.0,0.49571088414546255,0.9999725341377779,1,17068,201385,4288,113
16,48,20,False,2.3822731971740723,218453,135,6,1.0,0.49571088414546255,0.9999725341377779,1,17889,200564,4403,112
16,49,20,False,2.3007054328918457,218453,132,6,1.0,0.49571088414546255,0.9999725341377779,1,17400,201053,4354,111
16,50,20,True,0.8404183387756348,56656,127,0,1.0,0.21095145135542998,0.9999725341377779,0,9230,47426,2307,114
16,1,40,False,2.316214084625244,218453,120,2,1.0,0.49571088414546255,0.9999725341377779,1,15576,202877,4107,133
16,2,40,True,0.49663567543029785,32054,117,0,1.0,0.4146158549161942,0.9999725341377779,0,6697,25357,1910,146
16,3,40,True,0.45412325859069824,37708,117,0,1.0,0.3549788900608387,0.9999725341377779,0,7157,30551,2013,142
16,4,40,True,1.4129762649536133,120617,132,0,1.0,0.03641059775426445,0.9999725341377779,0,8244,112373,2080,137
16,5,40,True,0.7507126331329346,48925,108,0,1.0,0.26085625684770497,0.9999725341377779,0,7594,41331,2071,141
16,6,40,True,0.5370731353759766,44649,117,0,1.0,0.2933642923404482,0.9999725341377779,0,7445,37204,1997,140
16,7,40,True,0.4994335174560547,37702,107,0,1.0,0.3550373944924884,0.9999725341377779,0,7390,30312,1993,146
16,8,40,True,0.46329283714294434,42220,106,0,1.0,0.313603876863033,0.9999725341377779,0,7449,34771,1989,140
16,9,40,True,0.4519996643066406,39996,117,0,1.0,0.3333575265420976,0.9999725341377779,0,7555,32441,2076,137
16,10,40,True,0.4987776279449463,42497,108,0,1.0,0.3112269853914328,0.9999725341377779,0,6726,35771,1926,143
16,11,40,True,0.4813575744628906,39157,98,0,1.0,0.34112867159859556,0.9999725341377779,0,5630,33527,1674,147
16,12,40,False,2.146365165710449,218453,119,2,1.0,0.49571088414546255,0.9999725341377779,1,15175,203278,3957,131
16,13,40,True,0.40568017959594727,30902,116,0,1.0,0.4279445146689868,0.9999725341377779,0,6387,24515,1869,146
16,14,40,True,0.5134713649749756,44319,107,0,1.0,0.2960353918720858,0.9999725341377779,0,6578,37741,1837,145
16,15,40,True,0.41931891441345215,32812,120,0,1.0,0.40607303446548754,0.9999725341377779,0,6720,26092,1931,143
16,16,40,True,0.5260231494903564,42377,106,0,1.0,0.3122544659100491,0.9999725341377779,0,7417,34960,1980,142
16,17,40,True,0.5232491493225098,44579,106,0,1.0,0.2939288678756358,0.9999725341377779,0,6725,37854,1886,140
16,18,40,False,2.4532647132873535,218453,129,3,1.0,0.49571088414546255,0.9999725341377779,1,15264,203189,3908,136
16,19,40,True,0.6657562255859375,43157,117,0,1.0,0.30563597955650185,0.9999725341377779,0,6766,36391,1929,142
16,20,40,True,0.656510591506958,47035,114,0,1.0,0.27475525183456284,0.9999725341377779,0,7998,39037,2054,140
16,21,40,True,0.6162853240966797,50121,121,0,1.0,0.25242644345379484,0.9999725341377779,0,7366,42755,1994,139
16,22,40,True,0.4861116409301758,36746,110,0,1.0,0.3644833405288823,0.9999725341377779,0,7313,29433,2056,134
16,23,40,False,2.511655807495117,218453,120,4,1.0,0.49571088414546255,0.9999725341377779,1,16073,202380,4190,131
16,24,40,True,0.5525491237640381,33169,103,0,1.0,0.40211076431893994,0.9999725341377779,0,6646,26523,1919,143
16,25,40,True,0.5721356868743896,37950,114,0,1.0,0.35262722994731494,0.9999725341377779,0,6813,31137,1987,146
16,26,40,True,0.5037486553192139,41099,112,0,1.0,0.3234098179546454,0.9999725341377779,0,6613,34486,1918,144
16,27,40,True,0.6011569499969482,51978,123,0,1.0,0.2398743121110134,0.9999725341377779,0,7135,44843,2011,140
16,28,40,True,0.6487476825714111,51765,117,0,1.0,0.24128176395676165,0.9999725341377779,0,7404,44361,2040,145
16,29,40,True,0.5655002593994141,37105,122,0,1.0,0.36090705703865406,0.9999725341377779,0,7090,30015,1966,135
16,30,40,False,2.4907169342041016,218453,125,4,1.0,0.49571088414546255,0.9999725341377779,1,14004,204449,3568,144
16,31,40,False,2.248635768890381,218453,119,2,1.0,0.49571088414546255,0.9999725341377779,1,13876,204577,3779,141
16,32,40,True,0.6324918270111084,60321,126,0,1.0,0.19075011082868096,0.9999725341377779,0,7463,52858,2021,136
16,33,40,True,0.6589093208312988,46272,124,0,1.0,0.2805739842727711,0.9999725341377779,0,7954,38318,2171,133
16,34,40,False,2.415245532989502,218453,113,2,1.0,0.49571088414546255,0.9999725341377779,1,14432,204021,3845,143
16,35,40,True,0.68992018699646,43549,109,0,1.0,0.30236292027898026,0.9999725341377779,0,7201,36348,1936,137
16,36,40,True,0.6535141468048096,49099,106,0,1.0,0.2596125662614189,0.9999725341377779,0,6948,42151,1955,146
16,37,40,True,0.5449347496032715,30660,115,0,1.0,0.4307984634298315,0.9999725341377779,0,6139,24521,1774,146
16,38,40,True,0.512709379196167,31118,118,0,1.0,0.4254131612603408,0.9999725341377779,0,7163,23955,2003,143
16,39,40,True,0.5400702953338623,35493,114,0,1.0,0.37724545256087166,0.9999725341377779,0,7306,28187,2039,135
16,40,40,True,0.4922299385070801,36358,103,0,1.0,0.3683883741868438,0.9999725341377779,0,7082,29276,1988,145
16,41,40,True,0.8309316635131836,49405,120,0,1.0,0.2574397521880942,0.9999725341377779,0,7766,41639,2134,140
16,42,40,True,0.6543464660644531,37270,109,0,1.0,0.35927515233040264,0.9999725341377779,0,6108,31162,1777,147
16,43,40,False,2.7115774154663086,218453,132,2,1.0,0.49571088414546255,0.9999725341377779,1,17110,201343,4163,133
16,44,40,True,0.6012101173400879,39075,120,0,1.0,0.3418978382289571,0.9999725341377779,0,6850,32225,1911,144
16,45,40,False,2.8315975666046143,218453,130,2,1.0,0.49571088414546255,0.9999725341377779,1,16238,202215,4145,132
16,46,40,True,0.733863353729248,47096,115,0,1.0,0.2742953011469994,0.9999725341377779,0,8384,38712,2122,136
16,47,40,True,0.4132390022277832,32030,125,0,1.0,0.4148892555378187,0.9999725341377779,0,7364,24666,2014,139
16,48,40,True,0.4970686435699463,39287,115,0,1.0,0.3399128057528902,0.9999725341377779,0,6995,32292,1933,141
16,49,40,True,0.5689022541046143,30187,126,0,1.0,0.43643170813318694,0.9999725341377779,0,5727,24460,1629,146
16,50,40,True,0.8683502674102783,46933,114,0,1.0,0.27552607342030033,0.9999725341377779,0,7737,39196,2124,142
16,1,60,True,0.538644552230835,29125,85,0,1.0,0.4493495335262638,0.9999725341377779,0,5203,23922,1590,168
16,2,60,True,0.42621564865112305,20400,78,0,1.0,0.5710312832307712,0.9999725341377779,0,3809,16591,1225,175
16,3,60,True,0.5021514892578125,29193,89,0,1.0,0.4485110647287746,0.9999725341377779,0,4496,24697,1468,170
16,4,60,True,0.4736924171447754,24573,84,0,1.0,0.5091931315155854,0.9999725341377779,0,4548,20025,1561,170
16,5,60,True,0.3375983238220215,19889,95,0,1.0,0.579102356367862,0.9999725341377779,0,3391,16498,1182,169
16,6,60,True,0.36968398094177246,23391,95,0,1.0,0.5259954028162366,0.9999725341377779,0,3355,20036,1190,174
16,7,60,True,0.40376925468444824,24378,95,0,1.0,0.5119276438784947,0.9999725341377779,0,4328,20050,1414,165
16,8,60,True,0.49994993209838867,30382,87,0,1.0,0.43410046481056885,0.9999725341377779,0,4228,26154,1464,173
16,9,60,True,0.7140696048736572,48291,89,0,1.0,0.2654384829908679,0.9999725341377779,0,5057,43234,1534,168
16,10,60,True,0.2750694751739502,23365,83,0,1.0,0.5263711619765512,0.9999725341377779,0,4037,19328,1365,170
16,11,60,True,0.2564263343811035,19979,94,0,1.0,0.5776726054835541,0.9999725341377779,0,4094,15885,1321,170
16,12,60,True,0.3352818489074707,19024,85,0,1.0,0.5930255833650648,0.9999725341377779,0,3586,15438,1189,172
16,13,60,True,0.5083866119384766,26642,88,0,1.0,0.4810637166908753,0.9999725341377779,0,4372,22270,1473,170
16,14,60,True,0.3765077590942383,23712,81,0,1.0,0.521378262481339,0.9999725341377779,0,4008,19704,1359,175
16,15,60,True,0.3331763744354248,19300,83,0,1.0,0.5885470416008884,0.9999725341377779,0,3761,15539,1248,174
16,16,60,True,0.21692132949829102,17305,78,0,1.0,0.6216964840576367,0.9999725341377779,0,3329,13976,1101,174
16,17,60,True,0.32550644874572754,28385,84,0,1.0,0.4585760171036728,0.9999725341377779,0,5121,23264,1585,171
16,18,60,True,0.5557408332824707,33219,84,0,1.0,0.4015589198067848,0.9999725341377779,0,4665,28554,1547,168
16,19,60,True,0.28641319274902344,16778,88,0,1.0,0.630760802658967,0.9999725341377779,0,3784,12994,1288,168
16,20,60,True,0.32525634765625,19221,83,0,1.0,0.5898254768369386,0.9999725341377779,0,3754,15467,1278,174
16,21,60,True,0.4587383270263672,27358,89,0,1.0,0.4716956182828296,0.9999725341377779,0,4346,23012,1433,170
16,22,60,True,0.3883507251739502,28111,90,0,1.0,0.4620401641828133,0.9999725341377779,0,4138,23973,1511,172
16,23,60,True,0.3580019474029541,29256,93,0,1.0,0.4477356443316233,0.9999725341377779,0,4288,24968,1365,171
16,24,60,True,0.4589259624481201,19299,87,0,1.0,0.5885632069968408,0.9999725341377779,0,3888,15411,1250,175
16,25,60,True,0.4069962501525879,21540,89,0,1.0,0.5534284535779096,0.9999725341377779,0,3857,17683,1268,172
16,26,60,True,0.3626823425292969,23924,89,0,1.0,0.5183511805064945,0.9999725341377779,0,3818,20106,1334,174
16,27,60,True,0.3463294506072998,24209,92,0,1.0,0.514309430385585,0.9999725341377779,0,3492,20717,1244,171
16,28,60,True,0.409196138381958,30864,75,0,1.0,0.4283914008466616,0.9999725341377779,0,4553,26311,1561,173
16,29,60,True,0.30545663833618164,24891,96,0,1.0,0.504765070288166,0.9999725341377779,0,4326,20565,1423,172
16,30,60,True,0.41347360610961914,29158,86,0,1.0,0.4489424339671001,0.9999725341377779,0,3796,25362,1333,175
16,31,60,True,0.360675573348999,24328,93,0,1.0,0.5126311632051997,0.9999725341377779,0,4670,19658,1405,175
16,32,60,True,0.3810386657714844,25352,85,0,1.0,0.49841405998194255,0.9999725341377779,0,4586,20766,1406,173
16,33,60,True,0.2857015132904053,18359,93,0,1.0,0.603956750082241,0.9999725341377779,0,3831,14528,1309,171
16,34,60,True,0.3610868453979492,28746,86,0,1.0,0.4540515603903732,0.9999725341377779,0,4035,24711,1353,174
16,35,60,True,0.2528822422027588,18076,87,0,1.0,0.6086695656401587,0.9999725341377779,0,3844,14232,1266,174
16,36,60,True,0.3771061897277832,22445,94,0,1.0,0.5398414769698214,0.9999725341377779,0,4043,18402,1386,166
16,37,60,True,0.37796449661254883,20041,96,0,1.0,0.5766897199689679,0.9999725341377779,0,3957,16084,1401,173
16,38,60,True,0.46808433532714844,25325,93,0,1.0,0.49878381518538495,0.9999725341377779,0,4333,20992,1422,167
16,39,60,True,0.44590091705322266,28572,83,0,1.0,0.45622672340146325,0.9999725341377779,0,3467,25105,1196,175
16,40,60,True,0.3389699459075928,22004,100,0,1.0,0.5464201289925144,0.9999725341377779,0,4239,17765,1493,173
16,41,60,True,0.2787027359008789,18265,88,0,1.0,0.6055180762969381,0.9999725341377779,0,3478,14787,1196,174
16,42,60,True,0.5382630825042725,37191,90,0,1.0,0.3600555657582353,0.9999725341377779,0,5214,31977,1495,167
16,43,60,True,0.4595613479614258,26270,85,0,1.0,0.486004153192836,0.9999725341377779,0,4452,21818,1390,173
16,44,60,True,0.2930576801300049,19148,86,0,1.0,0.5910092842347684,0.9999725341377779,0,3249,15899,1156,171
16,45,60,True,0.2265474796295166,15214,92,0,1.0,0.6584469213277235,0.9999725341377779,0,2674,12540,960,175
16,46,60,True,0.3045635223388672,22304,84,0,1.0,0.5419361960533697,0.9999725341377779,0,3738,18566,1293,172
16,47,60,True,0.36470842361450195,29111,91,0,1.0,0.44952235393739104,0.9999725341377779,0,5305,23806,1610,164
16,48,60,True,0.3645782470703125,21968,86,0,1.0,0.5469606880157399,0.9999725341377779,0,3749,18219,1277,171
16,49,60,True,0.363330602645874,22913,78,0,1.0,0.5329466552760137,0.9999725341377779,0,4537,18376,1411,170
16,50,60,True,0.4669187068939209,32475,97,0,1.0,0.4098491454037939,0.9999725341377779,0,4627,27848,1498,167
16,1,80,True,0.10157275199890137,1855,48,0,1.0,0.9503263052843415,0.9999725341377779,0,325,1530,154,207
16,2,80,True,0.09324431419372559,2220,38,0,1.0,0.9408467121944473,0.9999725341377779,0,417,1803,178,209
16,3,80,True,0.09892463684082031,2686,45,0,1.0,0.9288813009832376,0.9999725341377779,0,445,2241,195,209
16,4,80,True,0.11826825141906738,2869,46,0,1.0,0.9242241585913218,0.9999725341377779,0,534,2335,252,209
16,5,80,True,0.11365389823913574,2747,60,0,1.0,0.9273263185390466,0.9999725341377779,0,429,2318,202,207
16,6,80,True,0.10167050361633301,2696,39,0,1.0,0.9286262072551514,0.9999725341377779,0,541,2155,256,211
16,7,80,True,0.08357453346252441,1713,53,0,1.0,0.9540400110404762,0.9999725341377779,0,336,1377,153,208
16,8,80,True,0.1010434627532959,2576,39,0,1.0,0.9316919611319594,0.9999725341377779,0,451,2125,214,211
16,9,80,True,0.09142851829528809,2082,42,0,1.0,0.9444196090707214,0.9999725341377779,0,390,1692,153,210
16,10,80,True,0.07768654823303223,451,42,0,1.0,0.9876891324870763,0.9999725341377779,0,102,349,51,209
16,11,80,True,0.0794835090637207,859,37,0,1.0,0.9766826509055111,0.9999725341377779,0,141,718,71,212
16,12,80,True,0.11372995376586914,2605,56,0,1.0,0.9309501444479206,0.9999725341377779,0,409,2196,199,209
16,13,80,True,0.11364555358886719,2835,55,0,1.0,0.9250876504238846,0.9999725341377779,0,392,2443,188,208
16,14,80,True,0.08617472648620605,1111,34,0,1.0,0.969945890538156,0.9999725341377779,0,200,911,100,214
16,15,80,True,0.09438180923461914,2040,54,0,1.0,0.9455097032202124,0.9999725341377779,0,395,1645,190,208
16,16,80,True,0.0780954360961914,628,37,0,1.0,0.9828991105313488,0.9999725341377779,0,149,479,77,209
16,17,80,True,0.09885835647583008,1157,41,0,1.0,0.9687211891354404,0.9999725341377779,0,198,959,91,211
16,18,80,True,0.13025164604187012,2832,49,0,1.0,0.9251638796010963,0.9999725341377779,0,667,2165,282,209
16,19,80,True,0.15201449394226074,3442,50,0,1.0,0.9097924375708926,0.9999725341377779,0,612,2830,273,206
16,20,80,True,0.11088418960571289,3331,42,0,1.0,0.912570402119341,0.9999725341377779,0,492,2839,228,210
16,21,80,True,0.12488126754760742,5047,42,0,1.0,0.8705569407816405,0.9999725341377779,0,675,4372,311,209
16,22,80,True,0.1053931713104248,4314,53,0,1.0,0.8882612695134003,0.9999725341377779,0,698,3616,332,210
16,23,80,True,0.08001184463500977,1929,51,0,1.0,0.9483967270371753,0.9999725341377779,0,388,1541,170,207
16,24,80,True,0.15893077850341797,9526,35,0,1.0,0.7697854828306999,0.9999725341377779,0,1404,8122,558,208
16,25,80,True,0.11111927032470703,6067,40,0,1.0,0.8465062665552731,0.9999725341377779,0,1176,4891,502,208
16,26,80,True,0.07889747619628906,1350,53,0,1.0,0.9635996001350368,0.9999725341377779,0,223,1127,108,208
16,27,80,True,0.11113572120666504,5077,42,0,1.0,0.8698399084741065,0.9999725341377779,0,962,4115,414,210
16,28,80,True,0.09859800338745117,4853,50,0,1.0,0.875208040875141,0.9999725341377779,0,1027,3826,428,206
16,29,80,True,0.1413257122039795,5904,41,0,1.0,0.8503045687416213,0.9999725341377779,0,1006,4898,472,210
16,30,80,True,0.09210848808288574,2497,50,0,1.0,0.9337157718863488,0.9999725341377779,0,552,1945,226,208
16,31,80,True,0.07111883163452148,998,38,0,1.0,0.9729609736156172,0.9999725341377779,0,214,784,100,210
16,32,80,True,0.07898831367492676,853,39,0,1.0,0.9768436189658469,0.9999725341377779,0,190,663,90,212
16,33,80,True,0.0791463851928711,999,47,0,1.0,0.9729342504035683,0.9999725341377779,0,173,826,93,208
16,34,80,True,0.07431578636169434,574,47,0,1.0,0.9843580054472865,0.9999725341377779,0,135,439,68,208
16,35,80,True,0.0719001293182373,318,40,0,1.0,0.9913037687404753,0.9999725341377779,0,50,268,29,214
16,36,80,True,0.06969261169433594,942,45,0,1.0,0.9744586455384314,0.9999725341377779,0,175,767,79,210
16,37,80,True,0.11145544052124023,5629,45,0,1.0,0.8567514192552744,0.9999725341377779,0,940,4689,432,209
16,38,80,True,0.09722042083740234,1948,45,0,1.0,0.9479019272164089,0.9999725341377779,0,319,1629,162,210
16,39,80,True,0.17783284187316895,9183,44,0,1.0,0.777071838570532,0.9999725341377779,0,1637,7546,671,207
16,40,80,True,0.11478090286254883,6268,42,0,1.0,0.8418458237776294,0.9999725341377779,0,973,5295,424,210
16,41,80,True,0.1148684024810791,6100,55,0,1.0,0.8457393528227953,0.9999725341377779,0,972,5128,418,206
16,42,80,True,0.06598377227783203,1729,43,0,1.0,0.9536208408897556,0.9999725341377779,0,290,1439,138,211
16,43,80,True,0.11815237998962402,6777,45,0,1.0,0.8301584402669906,0.9999725341377779,0,1251,5526,577,208
16,44,80,True,0.1057891845703125,5288,42,0,1.0,0.8648134379083596,0.9999725341377779,0,1020,4268,422,213
16,45,80,True,0.08931517601013184,3313,38,0,1.0,0.9130216814533365,0.9999725341377779,0,727,2586,315,210
16,46,80,True,0.06847834587097168,198,41,0,1.0,0.9945764454626778,0.9999725341377779,0,46,152,26,213
16,47,80,True,0.07484292984008789,2468,48,0,1.0,0.9344597923281165,0.9999725341377779,0,469,1999,210,208
16,48,80,True,0.06741619110107422,1644,42,0,1.0,0.9558497939259138,0.9999725341377779,0,271,1373,122,214
16,49,80,True,0.16916561126708984,10406,44,0,1.0,0.75140259870721,0.9999725341377779,0,1510,8896,675,208
16,50,80,True,0.1115264892578125,4525,47,0,1.0,0.8831283489812369,0.9999725341377779,0,723,3802,332,210
25,1,20,False,16.419434547424316,1627604,323,14,1.0,0.49574536573241795,0.9999963135996225,1,141795,1485809,34144,286
25,2,20,False,16.057114839553833,1627604,338,13,1.0,0.49574536573241795,0.9999963135996225,1,139469,1488135,33630,278
25,3,20,False,16.848712682724,1627604,354,11,1.0,0.49574536573241795,0.9999963135996225,1,143373,1484231,34715,273
25,4,20,False,17.05016565322876,1627604,340,16,1.0,0.49574536573241795,0.9999963135996225,1,146331,1481273,34885,274
25,5,20,False,17.23160195350647,1627604,346,14,1.0,0.49574536573241795,0.9999963135996225,1,142927,1484677,34386,289
25,6,20,False,15.8989098072052,1627604,354,16,1.0,0.49574536573241795,0.9999963135996225,1,141178,1486426,33956,282
25,7,20,False,17.50013494491577,1627604,344,20,1.0,0.49574536573241795,0.9999963135996225,1,143273,1484331,34099,292
25,8,20,False,16.462486267089844,1627604,339,14,1.0,0.49574536573241795,0.9999963135996225,1,140681,1486923,34105,287
25,9,20,False,16.764057874679565,1627604,343,20,1.0,0.49574536573241795,0.9999963135996225,1,143347,1484257,34459,273
25,10,20,False,16.45400381088257,1627604,327,16,1.0,0.49574536573241795,0.9999963135996225,1,142803,1484801,34569,292
25,11,20,False,16.569260835647583,1627604,335,15,1.0,0.49574536573241795,0.9999963135996225,1,143157,1484447,34292,276
25,12,20,False,16.85872507095337,1627604,327,15,1.0,0.49574536573241795,0.9999963135996225,1,144581,1483023,34451,284
25,13,20,False,16.171138525009155,1627604,335,17,1.0,0.49574536573241795,0.9999963135996225,1,143180,1484424,34256,292
25,14,20,False,16.90998363494873,1627604,338,17,1.0,0.49574536573241795,0.9999963135996225,1,143316,1484288,34283,283
25,15,20,False,16.154407739639282,1627604,361,10,1.0,0.49574536573241795,0.9999963135996225,1,144079,1483525,34431,271
25,16,20,False,16.452969551086426,1627604,337,10,1.0,0.49574536573241795,0.9999963135996225,1,141495,1486109,34458,278
25,17,20,False,15.997719526290894,1627604,319,19,1.0,0.49574536573241795,0.9999963135996225,1,146567,1481037,34604,290
25,18,20,False,16.282512187957764,1627604,339,15,1.0,0.49574536573241795,0.9999963135996225,1,143615,1483989,34156,282
25,19,20,False,16.83169960975647,1627604,350,15,1.0,0.49574536573241795,0.9999963135996225,1,142161,1485443,34343,278
25,20,20,False,16.274073600769043,1627604,345,16,1.0,0.49574536573241795,0.9999963135996225,1,141380,1486224,34456,277
25,21,20,False,16.485049962997437,1627604,356,12,1.0,0.49574536573241795,0.9999963135996225,1,143104,1484500,34692,266
25,22,20,False,15.862036943435669,1627604,335,19,1.0,0.49574536573241795,0.9999963135996225,1,147216,1480388,34727,287
25,23,20,False,17.099555015563965,1627604,330,22,1.0,0.49574536573241795,0.9999963135996225,1,144318,1483286,34070,284
25,24,20,False,15.813456535339355,1627604,334,20,1.0,0.49574536573241795,0.9999963135996225,1,147499,1480105,35081,284
25,25,20,False,17.120928525924683,1627604,347,13,1.0,0.49574536573241795,0.9999963135996225,1,142720,1484884,34453,272
25,26,20,False,17.068191289901733,1627604,329,13,1.0,0.49574536573241795,0.9999963135996225,1,143226,1484378,34310,278
25,27,20,False,15.496832132339478,1627604,328,12,1.0,0.49574536573241795,0.9999963135996225,1,142431,1485173,34560,284
25,28,20,False,15.915916681289673,1627604,320,22,1.0,0.49574536573241795,0.9999963135996225,1,143970,1483634,34290,288
25,29,20,False,16.37302851676941,1627604,338,21,1.0,0.49574536573241795,0.9999963135996225,1,145898,1481706,34340,293
25,30,20,False,16.966180086135864,1627604,324,15,1.0,0.49574536573241795,0.9999963135996225,1,142122,1485482,34482,287
25,31,20,False,16.217323064804077,1627604,329,19,1.0,0.49574536573241795,0.9999963135996225,1,143499,1484105,33990,279
25,32,20,False,16.39267659187317,1627604,337,11,1.0,0.49574536573241795,0.9999963135996225,1,140185,1487419,34140,281
25,33,20,False,16.10993504524231,1627604,327,17,1.0,0.49574536573241795,0.9999963135996225,1,143081,1484523,34466,280
25,34,20,False,16.801388025283813,1627604,341,19,1.0,0.49574536573241795,0.9999963135996225,1,146683,1480921,34306,275
25,35,20,False,16.34299325942993,1627604,325,13,1.0,0.49574536573241795,0.9999963135996225,1,145808,1481796,34496,273
25,36,20,False,16.726553440093994,1627604,324,10,1.0,0.49574536573241795,0.9999963135996225,1,139369,1488235,34407,276
25,37,20,False,16.80315375328064,1627604,331,16,1.0,0.49574536573241795,0.9999963135996225,1,144897,1482707,34704,287
25,38,20,False,16.652515172958374,1627604,343,20,1.0,0.49574536573241795,0.9999963135996225,1,143570,1484034,34605,273
25,39,20,False,16.496412754058838,1627604,354,15,1.0,0.49574536573241795,0.9999963135996225,1,142438,1485166,34585,276
25,40,20,False,16.701244115829468,1627604,335,14,1.0,0.49574536573241795,0.9999963135996225,1,141141,1486463,34349,294
25,41,20,False,16.93275809288025,1627604,334,16,1.0,0.49574536573241795,0.9999963135996225,1,144729,1482875,34443,282
25,42,20,False,16.560370683670044,1627604,356,14,1.0,0.49574536573241795,0.9999963135996225,1,144454,1483150,34309,263
25,43,20,False,18.196982622146606,1627604,336,14,1.0,0.49574536573241795,0.9999963135996225,1,142421,1485183,34351,281
25,44,20,False,16.116438150405884,1627604,340,12,1.0,0.49574536573241795,0.9999963135996225,1,141717,1485887,34173,288
25,45,20,False,16.43953037261963,1627604,351,15,1.0,0.49574536573241795,0.9999963135996225,1,141207,1486397,34221,267
25,46,20,False,15.984983444213867,1627604,333,13,1.0,0.49574536573241795,0.9999963135996225,1,141497,1486107,34463,281
25,47,20,False,16.383160829544067,1627604,348,13,1.0,0.49574536573241795,0.9999963135996225,1,142213,1485391,34049,277
25,48,20,False,16.991560697555542,1627604,348,18,1.0,0.49574536573241795,0.9999963135996225,1,143147,1484457,34419,283
25,49,20,False,15.847029447555542,1627604,339,18,1.0,0.49574536573241795,0.9999963135996225,1,144039,1483565,34554,291
25,50,20,False,16.801758289337158,1627604,337,12,1.0,0.49574536573241795,0.9999963135996225,1,140131,1487473,34044,286
25,1,40,False,15.989345788955688,1627604,305,16,1.0,0.49574536573241795,0.9999963135996225,1,139332,1488272,33287,344
25,2,40,False,17.105529069900513,1627604,312,15,1.0,0.49574536573241795,0.9999963135996225,1,130418,1497186,32681,337
25,3,40,False,16.64361047744751,1627604,301,13,1.0,0.49574536573241795,0.9999963135996225,1,132895,1494709,32901,344
25,4,40,False,16.489372730255127,1627604,287,8,1.0,0.49574536573241795,0.9999963135996225,1,127473,1500131,32279,348
25,5,40,False,16.464223623275757,1627604,295,6,1.0,0.49574536573241795,0.9999963135996225,1,134349,1493255,33352,341
25,6,40,False,16.46962070465088,1627604,284,6,1.0,0.49574536573241795,0.9999963135996225,1,131959,1495645,32640,349
25,7,40,True,5.4888012409210205,510450,309,0,1.0,0.15232687996804528,0.9999963135996225,0,69809,440641,17471,342
25,8,40,False,16.79066228866577,1627604,289,9,1.0,0.49574536573241795,0.9999963135996225,1,134041,1493563,32739,346
25,9,40,False,16.85644793510437,1627604,307,2,1.0,0.49574536573241795,0.9999963135996225,1,124613,1502991,31936,353
25,10,40,True,5.015655994415283,439715,303,0,1.0,0.19770712109180127,0.9999963135996225,0,71036,368679,17617,340
25,11,40,False,16.579692363739014,1627604,300,6,1.0,0.49574536573241795,0.9999963135996225,1,128891,1498713,32482,341
25,12,40,True,5.249135732650757,475757,284,0,1.0,0.17310896676497503,0.9999963135996225,0,66691,409066,16769,352
25,13,40,False,16.108098030090332,1627604,290,8,1.0,0.49574536573241795,0.9999963135996225,1,132867,1494737,32779,342
25,14,40,False,16.028809547424316,1627604,309,18,1.0,0.49574536573241795,0.9999963135996225,1,137529,1490075,33173,340
25,15,40,True,6.544845819473267,569397,321,0,1.0,0.1225753685538505,0.9999963135996225,0,67301,502096,17092,343
25,16,40,False,15.792717933654785,1627604,298,11,1.0,0.49574536573241795,0.9999963135996225,1,137059,1490545,33545,339
25,17,40,False,16.53864812850952,1627604,286,8,1.0,0.49574536573241795,0.9999963135996225,1,135493,1492111,33468,337
25,18,40,True,4.0580949783325195,398910,295,0,1.0,0.2298002823012943,0.9999963135996225,0,69444,329466,17395,348
25,19,40,True,3.948085308074951,369278,285,0,1.0,0.25632501042026995,0.9999963135996225,0,66999,302279,16987,352
25,20,40,False,15.816673755645752,1627604,290,4,1.0,0.49574536573241795,0.9999963135996225,1,129522,1498082,32610,353
25,21,40,True,3.6652519702911377,322870,288,0,1.0,0.30415121492783515,0.9999963135996225,0,65494,257376,16828,354
25,22,40,True,4.094442367553711,353390,297,0,1.0,0.27178623276685016,0.9999963135996225,0,65443,287947,16632,350
25,23,40,False,15.801467418670654,1627604,298,13,1.0,0.49574536573241795,0.9999963135996225,1,137449,1490155,33278,339
25,24,40,False,16.70708703994751,1627604,316,7,1.0,0.49574536573241795,0.9999963135996225,1,132084,1495520,32999,343
25,25,40,True,3.7725024223327637,372194,306,0,1.0,0.2535843851447423,0.9999963135996225,0,68187,304007,17232,344
25,26,40,False,15.999040365219116,1627604,294,9,1.0,0.49574536573241795,0.9999963135996225,1,134795,1492809,33341,339
25,27,40,False,16.46450924873352,1627604,310,8,1.0,0.49574536573241795,0.9999963135996225,1,133796,1493808,32856,345
25,28,40,True,3.727177619934082,313557,285,0,1.0,0.31477449867991164,0.9999963135996225,0,66259,247298,16896,346
25,29,40,True,4.349821329116821,421930,312,0,1.0,0.21110370397586814,0.9999963135996225,0,72022,349908,17750,336
25,30,40,False,16.525593519210815,1627604,325,14,1.0,0.49574536573241795,0.9999963135996225,1,133979,1493625,32730,332
25,31,40,True,5.335049152374268,531547,282,0,1.0,0.14092905472407177,0.9999963135996225,0,69634,461913,17261,351
25,32,40,False,16.44454574584961,1627604,300,14,1.0,0.49574536573241795,0.9999963135996225,1,135525,1492079,32451,345
25,33,40,False,16.224048137664795,1627604,303,9,1.0,0.49574536573241795,0.9999963135996225,1,132157,1495447,32968,342
25,34,40,False,17.263673543930054,1627604,305,4,1.0,0.49574536573241795,0.9999963135996225,1,131922,1495682,33353,343
25,35,40,True,7.106434106826782,526944,320,0,1.0,0.14334081810316285,0.9999963135996225,0,70869,456075,17572,343
25,36,40,False,15.89779019355774,1627604,301,9,1.0,0.49574536573241795,0.9999963135996225,1,128643,1498961,32193,342
25,37,40,False,16.34580373764038,1627604,299,17,1.0,0.49574536573241795,0.9999963135996225,1,138831,1488773,33527,345
25,38,40,True,13.735548973083496,1312681,294,0,1.0,0.007914358375196402,0.9999963135996225,0,74502,1238179,17585,338
25,39,40,False,16.66610813140869,1627604,318,2,1.0,0.49574536573241795,0.9999963135996225,1,128660,1498944,32779,340
25,40,40,False,16.624769926071167,1627604,297,5,1.0,0.49574536573241795,0.9999963135996225,1,129335,1498269,32273,352
25,41,40,False,16.445899486541748,1627604,316,19,1.0,0.49574536573241795,0.9999963135996225,1,135861,1491743,32717,339
25,42,40,False,16.47117781639099,1627604,312,4,1.0,0.49574536573241795,0.9999963135996225,1,133220,1494384,33262,339
25,43,40,True,7.056499004364014,729057,292,0,1.0,0.06804398437830012,0.9999963135996225,0,71848,657209,17531,346
25,44,40,False,16.29465341567993,1627604,306,16,1.0,0.49574536573241795,0.9999963135996225,1,139436,1488168,33444,332
25,45,40,True,8.181058883666992,664339,282,0,1.0,0.08637784545134901,0.9999963135996225,0,72209,592130,17433,346
25,46,40,True,4.912818193435669,471765,326,0,1.0,0.17567529904525608,0.9999963135996225,0,66783,404982,16992,347
25,47,40,True,4.410553693771362,409558,301,0,1.0,0.2209547060048715,0.9999963135996225,0,66814,342744,17123,353
25,48,40,False,16.17236018180847,1627604,302,9,1.0,0.49574536573241795,0.9999963135996225,1,133765,1493839,32808,344
25,49,40,False,16.47444462776184,1627604,305,8,1.0,0.49574536573241795,0.9999963135996225,1,126980,1500624,32416,352
25,50,40,True,4.730902433395386,423784,293,0,1.0,0.2096658141307925,0.9999963135996225,0,67745,356039,17120,344
25,1,60,True,2.593095302581787,244857,236,0,1.0,0.4054966767133389,0.9999963135996225,0,42888,201969,12831,418
25,2,60,True,3.30049729347229,285571,245,0,1.0,0.3489833789839869,0.9999963135996225,0,46465,239106,13563,420
25,3,60,True,2.906120777130127,249444,215,0,1.0,0.3986975575342343,0.9999963135996225,0,44414,205030,13069,420
25,4,60,True,2.776163339614868,226189,228,0,1.0,0.43438469134762764,0.9999963135996225,0,41783,184406,12590,425
25,5,60,True,3.0450804233551025,257792,239,0,1.0,0.38661485904228543,0.9999963135996225,0,43230,214562,12888,419
25,6,60,True,2.375962972640991,220271,236,0,1.0,0.4439654236474694,0.9999963135996225,0,45276,174995,13121,417
25,7,60,True,2.270873546600342,222611,239,0,1.0,0.4401521629208439,0.9999963135996225,0,41325,181286,12415,425
25,8,60,True,2.5579094886779785,258223,235,0,1.0,0.38600107704337366,0.9999963135996225,0,45496,212727,13336,415
25,9,60,True,2.682410717010498,246748,235,0,1.0,0.40267979067478826,0.9999963135996225,0,48736,198012,13874,417
25,10,60,True,2.79134464263916,249721,240,0,1.0,0.39829064138232995,0.9999963135996225,0,44896,204825,13145,417
25,11,60,True,2.8759303092956543,266929,226,0,1.0,0.3738094960854374,0.9999963135996225,0,48544,218385,13804,412
25,12,60,True,2.8160548210144043,261785,242,0,1.0,0.38096563620868096,0.9999963135996225,0,47332,214453,13622,413
25,13,60,True,3.261258840560913,290742,246,0,1.0,0.34239391924401535,0.9999963135996225,0,47591,243151,13339,414
25,14,60,True,2.51151967048645,233132,204,0,1.0,0.42340780900258773,0.9999963135996225,0,48818,184314,13730,412
25,15,60,True,2.9111990928649902,247748,230,0,1.0,0.4011980817754457,0.9999963135996225,0,44997,202751,13173,420
25,16,60,True,2.667750358581543,227725,249,0,1.0,0.431932016077709,0.9999963135996225,0,42213,185512,12686,425
25,17,60,True,2.465576171875,225002,221,0,1.0,0.4362896215369501,0.9999963135996225,0,43247,181755,12694,419
25,18,60,True,2.0615041255950928,201390,219,0,1.0,0.475967578040928,0.9999963135996225,0,41833,159557,12444,426
25,19,60,True,2.4658048152923584,249492,233,0,1.0,0.39862701522185046,0.9999963135996225,0,47708,201784,13685,415
25,20,60,True,2.3979876041412354,241379,251,0,1.0,0.41072915300383317,0.9999963135996225,0,43324,198055,12869,424
25,21,60,True,2.312711238861084,207317,227,0,1.0,0.4656807917863591,0.9999963135996225,0,43032,164285,12838,423
25,22,60,True,2.9027085304260254,258199,237,0,1.0,0.38603522952548514,0.9999963135996225,0,45777,212422,13411,416
25,23,60,True,2.5455398559570312,232662,237,0,1.0,0.4241420460771024,0.9999963135996225,0,44447,188215,13235,415
25,24,60,True,4.211061239242554,352615,227,0,1.0,0.27256382692410147,0.9999963135996225,0,44549,308066,12955,425
25,25,60,True,2.929699182510376,259847,247,0,1.0,0.3836970981753638,0.9999963135996225,0,42579,217268,12471,418
25,26,60,True,2.441927909851074,229232,227,0,1.0,0.4295391071697479,0.9999963135996225,0,44678,184554,13139,419
25,27,60,True,2.7070019245147705,229509,246,0,1.0,0.42910071371265474,0.9999963135996225,0,43629,185880,12943,416
25,28,60,True,3.0979397296905518,274883,230,0,1.0,0.3630079069424347,0.9999963135996225,0,47987,226896,13966,415
25,29,60,True,2.7000555992126465,248408,226,0,1.0,0.4002231418239697,0.9999963135996225,0,43507,204901,13026,418
25,30,60,True,2.579974412918091,243809,240,0,1.0,0.4070662842349199,0.9999963135996225,0,42038,201771,12721,420
25,31,60,True,2.3363630771636963,231578,244,0,1.0,0.4258403364010639,0.9999963135996225,0,44834,186744,13179,420
25,32,60,True,2.3557751178741455,227325,226,0,1.0,0.4325693968040015,0.9999963135996225,0,37502,189823,11467,431
25,33,60,True,2.5267586708068848,238920,233,0,1.0,0.414469287848603,0.9999963135996225,0,46416,192504,13473,421
25,34,60,True,3.17238712310791,267970,239,0,1.0,0.372377732492886,0.9999963135996225,0,51068,216902,14403,410
25,35,60,True,3.3575594425201416,269735,257,0,1.0,0.36996271872584585,0.9999963135996225,0,45206,224529,13289,411
25,36,60,True,2.3249988555908203,207076,223,0,1.0,0.466094697672737,0.9999963135996225,0,39165,167911,11913,426
25,37,60,True,2.583375930786133,244569,237,0,1.0,0.4059274151741435,0.9999963135996225,0,44151,200418,13049,415
25,38,60,True,2.0963010787963867,202437,231,0,1.0,0.4741340417607866,0.9999963135996225,0,42320,160117,12537,423
25,39,60,True,2.879103422164917,264701,229,0,1.0,0.37689235420631473,0.9999963135996225,0,47729,216972,13821,418
25,40,60,True,2.8724069595336914,249559,234,0,1.0,0.39852857078001686,0.9999963135996225,0,45185,204374,13134,422
25,41,60,True,2.2897608280181885,210962,241,0,1.0,0.45946531241516053,0.9999963135996225,0,44218,166744,12853,419
25,42,60,True,2.861278533935547,275505,238,0,1.0,0.36217650322831174,0.9999963135996225,0,47209,228296,13561,420
25,43,60,True,2.2788755893707275,228522,247,0,1.0,0.4306648335288024,0.9999963135996225,0,46882,181640,13656,420
25,44,60,True,2.7247562408447266,268866,234,0,1.0,0.37114979016312355,0.9999963135996225,0,49032,219834,14117,417
25,45,60,True,2.864286422729492,252032,235,0,1.0,0.3949119017702719,0.9999963135996225,0,40333,211699,12345,427
25,46,60,True,2.701744556427002,219605,225,0,1.0,0.445056763255399,0.9999963135996225,0,44836,174769,13051,420
25,47,60,True,3.2754268646240234,268644,232,0,1.0,0.3714536569389305,0.9999963135996225,0,45454,223190,13266,424
25,48,60,True,2.3976662158966064,228407,231,0,1.0,0.43084744691642274,0.9999963135996225,0,42730,185677,12583,421
25,49,60,True,2.7837698459625244,268244,226,0,1.0,0.3720017927400083,0.9999963135996225,0,43875,224369,12822,416
25,50,60,True,2.63288950920105,237540,242,0,1.0,0.41658316572019194,0.9999963135996225,0,46064,191476,13421,417
25,1,80,True,1.0609948635101318,100277,130,0,1.0,0.6909679405532079,0.9999963135996225,0,13676,86601,5747,511
25,2,80,True,1.3394298553466797,101930,125,0,1.0,0.6867702394621437,0.9999963135996225,0,13557,88373,5604,513
25,3,80,True,1.1152470111846924,94461,138,0,1.0,0.705942345865979,0.9999963135996225,0,11757,82704,4682,510
25,4,80,True,1.4262092113494873,121685,132,0,1.0,0.6385339351003207,0.9999963135996225,0,14118,107567,5754,513
25,5,80,True,1.3311502933502197,119698,127,0,1.0,0.6432282984683684,0.9999963135996225,0,14841,104857,6015,512
25,6,80,True,1.4398999214172363,137862,125,0,1.0,0.6015681405639972,0.9999963135996225,0,18788,119074,7232,510
25,7,80,True,1.0779850482940674,105625,144,0,1.0,0.6774789765891733,0.9999963135996225,0,14618,91007,5504,510
25,8,80,True,1.4143295288085938,142935,117,0,1.0,0.59042266974232,0.9999963135996225,0,18497,124438,7638,512
25,9,80,True,1.1118688583374023,108122,119,0,1.0,0.6712714245445055,0.9999963135996225,0,15756,92366,6568,513
25,10,80,True,1.337709665298462,113625,121,0,1.0,0.6577910081159134,0.9999963135996225,0,16334,97291,6466,514
25,11,80,True,1.235008716583252,121360,128,0,1.0,0.6392994097849907,0.9999963135996225,0,16516,104844,6521,509
25,12,80,True,1.1247622966766357,97448,136,0,1.0,0.698211644805649,0.9999963135996225,0,11272,86176,4895,517
25,13,80,True,1.1802613735198975,86320,131,0,1.0,0.7274495225802495,0.9999963135996225,0,12645,73675,5252,513
25,14,80,True,1.2390611171722412,88631,140,0,1.0,0.7212784950381883,0.9999963135996225,0,13474,75157,5388,513
25,15,80,True,0.9964754581451416,84030,144,0,1.0,0.7336165526612634,0.9999963135996225,0,13154,70876,5310,514
25,16,80,True,1.5041396617889404,118931,135,0,1.0,0.6450495835570835,0.9999963135996225,0,16144,102787,6673,512
25,17,80,True,2.0464115142822266,132897,132,0,1.0,0.6126800295362854,0.9999963135996225,0,17470,115427,6798,509
25,18,80,True,1.5899226665496826,118432,133,0,1.0,0.6462372553837868,0.9999963135996225,0,13514,104918,5785,517
25,19,80,True,0.9953398704528809,77691,122,0,1.0,0.7509616756414887,0.9999963135996225,0,9340,68351,4031,516
25,20,80,True,1.3716838359832764,120727,146,0,1.0,0.6407929541463335,0.9999963135996225,0,15182,105545,6199,511
25,21,80,True,1.256054401397705,110003,126,0,1.0,0.6666328408137633,0.9999963135996225,0,14828,95175,5927,512
25,22,80,True,1.1550471782684326,96091,140,0,1.0,0.701713167615397,0.9999963135996225,0,14079,82012,5738,510
25,23,80,True,1.3683178424835205,122730,119,0,1.0,0.6360788455999692,0.9999963135996225,0,18441,104289,7271,510
25,24,80,True,1.3400700092315674,110191,138,0,1.0,0.6661709946161393,0.9999963135996225,0,15796,94395,6481,513
25,25,80,True,1.761014699935913,129424,140,0,1.0,0.6205745342634379,0.9999963135996225,0,16162,113262,6605,507
25,26,80,True,1.1645262241363525,97813,126,0,1.0,0.6972728058377917,0.9999963135996225,0,12389,85424,5296,512
25,27,80,True,1.4009275436401367,98640,127,0,1.0,0.6951502960579676,0.9999963135996225,0,12381,86259,4877,514
25,28,80,True,1.505431890487671,120267,128,0,1.0,0.6418804989076493,0.9999963135996225,0,16440,103827,6639,510
25,29,80,True,1.2193756103515625,89089,134,0,1.0,0.7200617342935894,0.9999963135996225,0,13139,75950,5208,509
25,30,80,True,1.2515473365783691,103994,125,0,1.0,0.6815646095140232,0.9999963135996225,0,14173,89821,5819,515
25,31,80,True,1.0638134479522705,85540,124,0,1.0,0.7295442393160079,0.9999963135996225,0,13116,72424,5315,514
25,32,80,True,1.0719146728515625,89747,120,0,1.0,0.7183172289257322,0.9999963135996225,0,11899,77848,4853,515
25,33,80,True,1.689225196838379,136934,129,0,1.0,0.603629620801108,0.9999963135996225,0,20691,116243,8367,514
25,34,80,True,1.206855058670044,100209,122,0,1.0,0.6911411711283354,0.9999963135996225,0,12576,87633,5327,515
25,35,80,True,1.147278070449829,105787,126,0,1.0,0.6770745083109524,0.9999963135996225,0,14539,91248,5895,511
25,36,80,True,1.2866318225860596,88223,115,0,1.0,0.7223641531744989,0.9999963135996225,0,12542,75681,5049,512
25,37,80,True,1.532658338546753,104798,125,0,1.0,0.6795475303416348,0.9999963135996225,0,13362,91436,5800,508
25,38,80,True,1.382688283920288,103678,125,0,1.0,0.6823590299303212,0.9999963135996225,0,15049,88629,5784,512
25,39,80,True,1.7185757160186768,120451,139,0,1.0,0.6414452596864959,0.9999963135996225,0,15654,104797,5845,510
25,40,80,True,1.753648042678833,130881,137,0,1.0,0.6172503046985993,0.9999963135996225,0,15862,115019,6248,508
25,41,80,True,1.659813404083252,128420,133,0,1.0,0.622875631167976,0.9999963135996225,0,14411,114009,6236,512
25,42,80,True,1.1963310241699219,108457,128,0,1.0,0.6704429519784143,0.9999963135996225,0,13194,95263,5309,515
25,43,80,True,1.0261693000793457,92433,133,0,1.0,0.7112397718605359,0.9999963135996225,0,13168,79265,5262,513
25,44,80,True,1.1538364887237549,104741,132,0,1.0,0.6796903354112993,0.9999963135996225,0,14519,90222,6039,514
25,45,80,True,1.1099178791046143,107148,147,0,1.0,0.6736859975050351,0.9999963135996225,0,14344,92804,5840,510
25,46,80,True,1.1692869663238525,89334,124,0,1.0,0.7194116899062519,0.9999963135996225,0,13496,75838,5708,516
25,47,80,True,1.0271475315093994,93407,143,0,1.0,0.7086906015824709,0.9999963135996225,0,14988,78419,5969,509
25,48,80,True,1.2151539325714111,84906,126,0,1.0,0.7312513111796394,0.9999963135996225,0,12222,72684,5088,516
25,49,80,True,1.217449426651001,90322,111,0,1.0,0.7167962358814275,0.9999963135996225,0,13377,76945,5318,509
25,50,80,True,1.9207746982574463,145650,127,0,1.0,0.5845428415764353,0.9999963135996225,0,19122,126528,7577,515
36,1,20,False,87.5408353805542,8398080,692,32,1.0,0.4957496552366408,0.999999285550983,1,760994,7637086,181869,582
36,2,20,False,86.35228300094604,8398080,726,34,1.0,0.4957496552366408,0.999999285550983,1,756306,7641774,181322,590
36,3,20,False,85.45125842094421,8398080,726,30,1.0,0.4957496552366408,0.999999285550983,1,759782,7638298,182493,587
36,4,20,False,85.36124968528748,8398080,716,27,1.0,0.4957496552366408,0.999999285550983,1,757608,7640472,181860,582
36,5,20,False,83.55666089057922,8398080,739,33,1.0,0.4957496552366408,0.999999285550983,1,759840,7638240,182491,580
36,6,20,False,86.74366736412048,8398080,705,31,1.0,0.4957496552366408,0.999999285550983,1,757598,7640482,182299,581
36,7,20,False,84.83467316627502,8398080,731,26,1.0,0.4957496552366408,0.999999285550983,1,753609,7644471,182296,574
36,8,20,False,84.44426012039185,8398080,717,26,1.0,0.4957496552366408,0.999999285550983,1,750674,7647406,181077,582
36,9,20,False,86.48903775215149,8398080,741,34,1.0,0.4957496552366408,0.999999285550983,1,759399,7638681,181929,562
36,10,20,False,83.66366863250732,8398080,752,32,1.0,0.4957496552366408,0.999999285550983,1,765921,7632159,182575,564
36,11,20,False,85.15473341941833,8398080,752,26,1.0,0.4957496552366408,0.999999285550983,1,758191,7639889,182605,591
36,12,20,False,92.13526773452759,8398080,746,30,1.0,0.4957496552366408,0.999999285550983,1,760015,7638065,182049,553
36,13,20,False,93.01586484909058,8398080,703,25,1.0,0.4957496552366408,0.999999285550983,1,755807,7642273,181548,580
36,14,20,False,84.53600358963013,8398080,735,33,1.0,0.4957496552366408,0.999999285550983,1,758843,7639237,181995,589
36,15,20,False,86.01770639419556,8398080,735,29,1.0,0.4957496552366408,0.999999285550983,1,758544,7639536,181801,579
36,16,20,False,85.31087279319763,8398080,716,30,1.0,0.4957496552366408,0.999999285550983,1,764522,7633558,182268,577
36,17,20,False,85.3156087398529,8398080,725,24,1.0,0.4957496552366408,0.999999285550983,1,758766,7639314,181798,581
36,18,20,False,84.04541730880737,8398080,713,24,1.0,0.4957496552366408,0.999999285550983,1,761915,7636165,183051,583
36,19,20,False,84.88119387626648,8398080,729,27,1.0,0.4957496552366408,0.999999285550983,1,760588,7637492,182554,569
36,20,20,False,87.92650771141052,8398080,725,30,1.0,0.4957496552366408,0.999999285550983,1,756824,7641256,182332,590
36,21,20,False,91.33084630966187,8398080,721,28,1.0,0.4957496552366408,0.999999285550983,1,757242,7640838,180093,574
36,22,20,False,82.676109790802,8398080,722,32,1.0,0.4957496552366408,0.999999285550983,1,759239,7638841,182374,576
36,23,20,False,83.03829789161682,8398080,742,28,1.0,0.4957496552366408,0.999999285550983,1,758265,7639815,182238,562
36,24,20,False,86.29884266853333,8398080,722,27,1.0,0.4957496552366408,0.999999285550983,1,757229,7640851,182047,595
36,25,20,False,82.01841855049133,8398080,728,33,1.0,0.4957496552366408,0.999999285550983,1,757084,7640996,181658,602
36,26,20,False,83.20013070106506,8398080,758,29,1.0,0.4957496552366408,0.999999285550983,1,755814,7642266,181386,576
36,27,20,False,83.9709575176239,8398080,740,31,1.0,0.4957496552366408,0.999999285550983,1,755679,7642401,181076,590
36,28,20,False,83.22042107582092,8398080,721,31,1.0,0.4957496552366408,0.999999285550983,1,759743,7638337,181459,572
36,29,20,False,83.77173376083374,8398080,704,28,1.0,0.4957496552366408,0.999999285550983,1,758728,7639352,182410,581
36,30,20,False,83.41517281532288,8398080,726,29,1.0,0.4957496552366408,0.999999285550983,1,757043,7641037,182321,577
36,31,20,False,83.37916207313538,8398080,714,32,1.0,0.4957496552366408,0.999999285550983,1,763202,7634878,182486,581
36,32,20,False,84.7665867805481,8398080,717,34,1.0,0.4957496552366408,0.999999285550983,1,769150,7628930,182170,580
36,33,20,False,83.57286071777344,8398080,720,34,1.0,0.4957496552366408,0.999999285550983,1,753011,7645069,181213,588
36,34,20,False,91.55612349510193,8398080,711,28,1.0,0.4957496552366408,0.999999285550983,1,763169,7634911,182356,566
36,35,20,False,80.96469831466675,8398080,720,28,1.0,0.4957496552366408,0.999999285550983,1,758801,7639279,182382,578
36,36,20,False,68.56496715545654,8398080,713,29,1.0,0.4957496552366408,0.999999285550983,1,763243,7634837,182626,570
36,37,20,False,83.08148074150085,8398080,720,26,1.0,0.4957496552366408,0.999999285550983,1,749830,7648250,181195,593
36,38,20,False,83.24915385246277,8398080,711,32,1.0,0.4957496552366408,0.999999285550983,1,757249,7640831,181881,580
36,39,20,False,97.19881105422974,8398080,724,34,1.0,0.4957496552366408,0.999999285550983,1,770331,7627749,182508,592
36,40,20,False,91.59949398040771,8398080,723,30,1.0,0.4957496552366408,0.999999285550983,1,757629,7640451,181120,584
36,41,20,False,91.99193143844604,8398080,742,34,1.0,0.4957496552366408,0.999999285550983,1,759621,7638459,181629,577
36,42,20,False,74.49498867988586,8398080,772,34,1.0,0.4957496552366408,0.999999285550983,1,761139,7636941,181519,579
36,43,20,False,85.80608987808228,8398080,703,31,1.0,0.4957496552366408,0.999999285550983,1,760002,7638078,181428,592
36,44,20,False,82.61057257652283,8398080,746,34,1.0,0.4957496552366408,0.999999285550983,1,764180,7633900,181223,593
36,45,20,False,91.07625126838684,8398080,714,23,1.0,0.4957496552366408,0.999999285550983,1,762812,7635268,183283,581
